COD_COMUNA_JOIN,COMUNA_CALCULO,VACUNA_DASHBOARD,CLAVE_DENOMINADOR,VACUNAS_ADMINISTRADAS,POBLACION_OBJETIVO,PORC_COBERTURA
13101,Santiago,VACUNA BCG,BCG_RN,3777,3963.0,95.3
13101,Santiago,VACUNA DTPA 1 BASICO,dTpa_1basico,3827,3934.0,97.3
13101,Santiago,VACUNA DTPA 8 BASICO,dTpa_8basico,4718,5324.0,88.6
13101,Santiago,VACUNA DTPA GESTANTES,dTpa_Gestantes,3314,4591.0,72.2
13101,Santiago,VACUNA HEPATITIS A PEDIATRICA,Cohorte_18M,3411,4489.0,76.0
13101,Santiago,VACUNA HEPATITIS B RN,HepB_RN,3803,3963.0,96.0
13101,Santiago,VACUNA HEXAVALENTE 1RA DOSIS,Cohorte_2M,3773,4002.0,94.3
13101,Santiago,VACUNA HEXAVALENTE 2DA DOSIS,Cohorte_4M,3598,4028.0,89.3
13101,Santiago,VACUNA HEXAVALENTE 3RA DOSIS,Hexavalente_3d_6m,3541,4046.0,87.5
13101,Santiago,VACUNA HEXAVALENTE REFUERZO,Hexavalente_ref_18m,3495,4489.0,77.9
13101,Santiago,VACUNA MENINGOCOCICA CONJUGADA DOSIS UNICA,Cohorte_12M,3653,4085.0,89.4
13101,Santiago,VACUNA MENINGOCOCICA RECOMBINANTE 1RA DOSIS,Cohorte_2M,3858,4002.0,96.4
13101,Santiago,VACUNA MENINGOCOCICA RECOMBINANTE 2DA DOSIS,Cohorte_4M,3652,4028.0,90.7
13101,Santiago,VACUNA MENINGOCOCICA RECOMBINANTE REFUERZO,Cohorte_18M,615,4489.0,13.7
13101,Santiago,VACUNA NEUMOCOCICA CONJUGADA 1RA DOSIS,Cohorte_2M,3781,4002.0,94.5
13101,Santiago,VACUNA NEUMOCOCICA CONJUGADA 2DA DOSIS,Cohorte_4M,3617,4028.0,89.8
13101,Santiago,VACUNA NEUMOCOCICA CONJUGADA REFUERZO,Cohorte_12M,3587,4085.0,87.8
13101,Santiago,VACUNA NEUMOCOCICA POLISACARIDA,Neumococica_Polisacarida_65,1597,3449.0,46.3
13101,Santiago,VACUNA SRP (TRIVIRICA) 1RA DOSIS,Cohorte_12M,3628,4085.0,88.8
13101,Santiago,VACUNA SRP (TRIVIRICA) 2DA DOSIS,Cohorte_36M,2662,4385.0,60.7
13101,Santiago,VACUNA VARICELA 1RA DOSIS,Cohorte_18M,3488,4489.0,77.7
13101,Santiago,VACUNA VARICELA 2DA DOSIS,Cohorte_36M,2756,4385.0,62.9
13101,Santiago,VACUNA VPH 4 BASICO,VPH_4basico,4103,4418.0,92.9
13101,Santiago,VACUNA VPH 5 BASICO,VPH_5basico,3751,4436.0,84.6
13102,Cerrillos,VACUNA BCG,BCG_RN,568,722.0,78.7
13102,Cerrillos,VACUNA DTPA 1 BASICO,dTpa_1basico,796,957.0,83.2
13102,Cerrillos,VACUNA DTPA 8 BASICO,dTpa_8basico,760,978.0,77.7
13102,Cerrillos,VACUNA DTPA GESTANTES,dTpa_Gestantes,603,776.0,77.7
13102,Cerrillos,VACUNA HEPATITIS A PEDIATRICA,Cohorte_18M,778,825.0,94.3
13102,Cerrillos,VACUNA HEPATITIS B RN,HepB_RN,589,722.0,81.6
13102,Cerrillos,VACUNA HEXAVALENTE 1RA DOSIS,Cohorte_2M,707,744.0,95.0
13102,Cerrillos,VACUNA HEXAVALENTE 2DA DOSIS,Cohorte_4M,707,767.0,92.2
13102,Cerrillos,VACUNA HEXAVALENTE 3RA DOSIS,Hexavalente_3d_6m,696,758.0,91.8
13102,Cerrillos,VACUNA HEXAVALENTE REFUERZO,Hexavalente_ref_18m,783,825.0,94.9
13102,Cerrillos,VACUNA MENINGOCOCICA CONJUGADA DOSIS UNICA,Cohorte_12M,734,794.0,92.4
13102,Cerrillos,VACUNA MENINGOCOCICA RECOMBINANTE 1RA DOSIS,Cohorte_2M,711,744.0,95.6
13102,Cerrillos,VACUNA MENINGOCOCICA RECOMBINANTE 2DA DOSIS,Cohorte_4M,708,767.0,92.3
13102,Cerrillos,VACUNA MENINGOCOCICA RECOMBINANTE REFUERZO,Cohorte_18M,140,825.0,17.0
13102,Cerrillos,VACUNA NEUMOCOCICA CONJUGADA 1RA DOSIS,Cohorte_2M,707,744.0,95.0
13102,Cerrillos,VACUNA NEUMOCOCICA CONJUGADA 2DA DOSIS,Cohorte_4M,706,767.0,92.0
13102,Cerrillos,VACUNA NEUMOCOCICA CONJUGADA REFUERZO,Cohorte_12M,733,794.0,92.3
13102,Cerrillos,VACUNA NEUMOCOCICA POLISACARIDA,Neumococica_Polisacarida_65,382,853.0,44.8
13102,Cerrillos,VACUNA SRP (TRIVIRICA) 1RA DOSIS,Cohorte_12M,735,794.0,92.6
13102,Cerrillos,VACUNA SRP (TRIVIRICA) 2DA DOSIS,Cohorte_36M,650,741.0,87.7
13102,Cerrillos,VACUNA VARICELA 1RA DOSIS,Cohorte_18M,779,825.0,94.4
13102,Cerrillos,VACUNA VARICELA 2DA DOSIS,Cohorte_36M,656,741.0,88.5
13102,Cerrillos,VACUNA VPH 4 BASICO,VPH_4basico,814,972.0,83.7
13102,Cerrillos,VACUNA VPH 5 BASICO,VPH_5basico,729,1027.0,71.0
13103,Cerro Navia,VACUNA BCG,BCG_RN,1037,1161.0,89.3
13103,Cerro Navia,VACUNA DTPA 1 BASICO,dTpa_1basico,1197,1324.0,90.4
13103,Cerro Navia,VACUNA DTPA 8 BASICO,dTpa_8basico,1141,1355.0,84.2
13103,Cerro Navia,VACUNA DTPA GESTANTES,dTpa_Gestantes,987,1479.0,66.7
13103,Cerro Navia,VACUNA HEPATITIS A PEDIATRICA,Cohorte_18M,1218,1498.0,81.3
13103,Cerro Navia,VACUNA HEPATITIS B RN,HepB_RN,1038,1161.0,89.4
13103,Cerro Navia,VACUNA HEXAVALENTE 1RA DOSIS,Cohorte_2M,1133,1188.0,95.4
13103,Cerro Navia,VACUNA HEXAVALENTE 2DA DOSIS,Cohorte_4M,1126,1231.0,91.5
13103,Cerro Navia,VACUNA HEXAVALENTE 3RA DOSIS,Hexavalente_3d_6m,1136,1278.0,88.9
13103,Cerro Navia,VACUNA HEXAVALENTE REFUERZO,Hexavalente_ref_18m,1191,1498.0,79.5
13103,Cerro Navia,VACUNA MENINGOCOCICA CONJUGADA DOSIS UNICA,Cohorte_12M,1146,1356.0,84.5
13103,Cerro Navia,VACUNA MENINGOCOCICA RECOMBINANTE 1RA DOSIS,Cohorte_2M,1147,1188.0,96.5
13103,Cerro Navia,VACUNA MENINGOCOCICA RECOMBINANTE 2DA DOSIS,Cohorte_4M,1131,1231.0,91.9
13103,Cerro Navia,VACUNA MENINGOCOCICA RECOMBINANTE REFUERZO,Cohorte_18M,173,1498.0,11.5
13103,Cerro Navia,VACUNA NEUMOCOCICA CONJUGADA 1RA DOSIS,Cohorte_2M,1136,1188.0,95.6
13103,Cerro Navia,VACUNA NEUMOCOCICA CONJUGADA 2DA DOSIS,Cohorte_4M,1128,1231.0,91.6
13103,Cerro Navia,VACUNA NEUMOCOCICA CONJUGADA REFUERZO,Cohorte_12M,1175,1356.0,86.7
13103,Cerro Navia,VACUNA NEUMOCOCICA POLISACARIDA,Neumococica_Polisacarida_65,603,1383.0,43.6
13103,Cerro Navia,VACUNA SRP (TRIVIRICA) 1RA DOSIS,Cohorte_12M,1184,1356.0,87.3
13103,Cerro Navia,VACUNA SRP (TRIVIRICA) 2DA DOSIS,Cohorte_36M,991,1413.0,70.1
13103,Cerro Navia,VACUNA VARICELA 1RA DOSIS,Cohorte_18M,1212,1498.0,80.9
13103,Cerro Navia,VACUNA VARICELA 2DA DOSIS,Cohorte_36M,983,1413.0,69.6
13103,Cerro Navia,VACUNA VPH 4 BASICO,VPH_4basico,1261,1412.0,89.3
13103,Cerro Navia,VACUNA VPH 5 BASICO,VPH_5basico,1006,1342.0,75.0
13104,Conchalí,VACUNA BCG,BCG_RN,785,906.0,86.6
13104,Conchalí,VACUNA DTPA 1 BASICO,dTpa_1basico,1308,1496.0,87.4
13104,Conchalí,VACUNA DTPA 8 BASICO,dTpa_8basico,1282,1578.0,81.2
13104,Conchalí,VACUNA DTPA GESTANTES,dTpa_Gestantes,818,1183.0,69.1
13104,Conchalí,VACUNA HEPATITIS A PEDIATRICA,Cohorte_18M,1036,1149.0,90.2
13104,Conchalí,VACUNA HEPATITIS B RN,HepB_RN,796,906.0,87.9
13104,Conchalí,VACUNA HEXAVALENTE 1RA DOSIS,Cohorte_2M,883,913.0,96.7
13104,Conchalí,VACUNA HEXAVALENTE 2DA DOSIS,Cohorte_4M,929,943.0,98.5
13104,Conchalí,VACUNA HEXAVALENTE 3RA DOSIS,Hexavalente_3d_6m,901,965.0,93.4
13104,Conchalí,VACUNA HEXAVALENTE REFUERZO,Hexavalente_ref_18m,1052,1149.0,91.6
13104,Conchalí,VACUNA MENINGOCOCICA CONJUGADA DOSIS UNICA,Cohorte_12M,985,1077.0,91.5
13104,Conchalí,VACUNA MENINGOCOCICA RECOMBINANTE 1RA DOSIS,Cohorte_2M,892,913.0,97.7
13104,Conchalí,VACUNA MENINGOCOCICA RECOMBINANTE 2DA DOSIS,Cohorte_4M,925,943.0,98.1
13104,Conchalí,VACUNA MENINGOCOCICA RECOMBINANTE REFUERZO,Cohorte_18M,151,1149.0,13.1
13104,Conchalí,VACUNA NEUMOCOCICA CONJUGADA 1RA DOSIS,Cohorte_2M,884,913.0,96.8
13104,Conchalí,VACUNA NEUMOCOCICA CONJUGADA 2DA DOSIS,Cohorte_4M,927,943.0,98.3
13104,Conchalí,VACUNA NEUMOCOCICA CONJUGADA REFUERZO,Cohorte_12M,1021,1077.0,94.8
13104,Conchalí,VACUNA NEUMOCOCICA POLISACARIDA,Neumococica_Polisacarida_65,590,1323.0,44.6
13104,Conchalí,VACUNA SRP (TRIVIRICA) 1RA DOSIS,Cohorte_12M,1029,1077.0,95.5
13104,Conchalí,VACUNA SRP (TRIVIRICA) 2DA DOSIS,Cohorte_36M,817,1130.0,72.3
13104,Conchalí,VACUNA VARICELA 1RA DOSIS,Cohorte_18M,1043,1149.0,90.8
13104,Conchalí,VACUNA VARICELA 2DA DOSIS,Cohorte_36M,831,1130.0,73.5
13104,Conchalí,VACUNA VPH 4 BASICO,VPH_4basico,1445,1715.0,84.3
13104,Conchalí,VACUNA VPH 5 BASICO,VPH_5basico,1199,1741.0,68.9
13105,El Bosque,VACUNA BCG,BCG_RN,1024,1124.0,91.1
13105,El Bosque,VACUNA DTPA 1 BASICO,dTpa_1basico,1921,2367.0,81.2
13105,El Bosque,VACUNA DTPA 8 BASICO,dTpa_8basico,1862,2564.0,72.6
13105,El Bosque,VACUNA DTPA GESTANTES,dTpa_Gestantes,1217,1501.0,81.1
13105,El Bosque,VACUNA HEPATITIS A PEDIATRICA,Cohorte_18M,1574,1450.0,108.6
13105,El Bosque,VACUNA HEPATITIS B RN,HepB_RN,1054,1124.0,93.8
13105,El Bosque,VACUNA HEXAVALENTE 1RA DOSIS,Cohorte_2M,1277,1153.0,110.8
13105,El Bosque,VACUNA HEXAVALENTE 2DA DOSIS,Cohorte_4M,1293,1175.0,110.0
13105,El Bosque,VACUNA HEXAVALENTE 3RA DOSIS,Hexavalente_3d_6m,1353,1245.0,108.7
13105,El Bosque,VACUNA HEXAVALENTE REFUERZO,Hexavalente_ref_18m,1570,1450.0,108.3
13105,El Bosque,VACUNA MENINGOCOCICA CONJUGADA DOSIS UNICA,Cohorte_12M,1449,1341.0,108.1
13105,El Bosque,VACUNA MENINGOCOCICA RECOMBINANTE 1RA DOSIS,Cohorte_2M,1290,1153.0,111.9
13105,El Bosque,VACUNA MENINGOCOCICA RECOMBINANTE 2DA DOSIS,Cohorte_4M,1297,1175.0,110.4
13105,El Bosque,VACUNA MENINGOCOCICA RECOMBINANTE REFUERZO,Cohorte_18M,231,1450.0,15.9
13105,El Bosque,VACUNA NEUMOCOCICA CONJUGADA 1RA DOSIS,Cohorte_2M,1278,1153.0,110.8
13105,El Bosque,VACUNA NEUMOCOCICA CONJUGADA 2DA DOSIS,Cohorte_4M,1296,1175.0,110.3
13105,El Bosque,VACUNA NEUMOCOCICA CONJUGADA REFUERZO,Cohorte_12M,1437,1341.0,107.2
13105,El Bosque,VACUNA NEUMOCOCICA POLISACARIDA,Neumococica_Polisacarida_65,1477,1738.0,85.0
13105,El Bosque,VACUNA SRP (TRIVIRICA) 1RA DOSIS,Cohorte_12M,1442,1341.0,107.5
13105,El Bosque,VACUNA SRP (TRIVIRICA) 2DA DOSIS,Cohorte_36M,1385,1434.0,96.6
13105,El Bosque,VACUNA VARICELA 1RA DOSIS,Cohorte_18M,1573,1450.0,108.5
13105,El Bosque,VACUNA VARICELA 2DA DOSIS,Cohorte_36M,1404,1434.0,97.9
13105,El Bosque,VACUNA VPH 4 BASICO,VPH_4basico,2058,2603.0,79.1
13105,El Bosque,VACUNA VPH 5 BASICO,VPH_5basico,1601,2527.0,63.4
13106,Estación Central,VACUNA BCG,BCG_RN,1047,1754.0,59.7
13106,Estación Central,VACUNA DTPA 1 BASICO,dTpa_1basico,1420,1887.0,75.3
13106,Estación Central,VACUNA DTPA 8 BASICO,dTpa_8basico,1357,1809.0,75.0
13106,Estación Central,VACUNA DTPA GESTANTES,dTpa_Gestantes,1273,2284.0,55.7
13106,Estación Central,VACUNA HEPATITIS A PEDIATRICA,Cohorte_18M,1464,2272.0,64.4
13106,Estación Central,VACUNA HEPATITIS B RN,HepB_RN,1050,1754.0,59.9
13106,Estación Central,VACUNA HEXAVALENTE 1RA DOSIS,Cohorte_2M,1400,1820.0,76.9
13106,Estación Central,VACUNA HEXAVALENTE 2DA DOSIS,Cohorte_4M,1433,1886.0,76.0
13106,Estación Central,VACUNA HEXAVALENTE 3RA DOSIS,Hexavalente_3d_6m,1423,1930.0,73.7
13106,Estación Central,VACUNA HEXAVALENTE REFUERZO,Hexavalente_ref_18m,1470,2272.0,64.7
13106,Estación Central,VACUNA MENINGOCOCICA CONJUGADA DOSIS UNICA,Cohorte_12M,1498,2099.0,71.4
13106,Estación Central,VACUNA MENINGOCOCICA RECOMBINANTE 1RA DOSIS,Cohorte_2M,1416,1820.0,77.8
13106,Estación Central,VACUNA MENINGOCOCICA RECOMBINANTE 2DA DOSIS,Cohorte_4M,1428,1886.0,75.7
13106,Estación Central,VACUNA MENINGOCOCICA RECOMBINANTE REFUERZO,Cohorte_18M,167,2272.0,7.4
13106,Estación Central,VACUNA NEUMOCOCICA CONJUGADA 1RA DOSIS,Cohorte_2M,1408,1820.0,77.4
13106,Estación Central,VACUNA NEUMOCOCICA CONJUGADA 2DA DOSIS,Cohorte_4M,1435,1886.0,76.1
13106,Estación Central,VACUNA NEUMOCOCICA CONJUGADA REFUERZO,Cohorte_12M,1450,2099.0,69.1
13106,Estación Central,VACUNA NEUMOCOCICA POLISACARIDA,Neumococica_Polisacarida_65,518,1975.0,26.2
13106,Estación Central,VACUNA SRP (TRIVIRICA) 1RA DOSIS,Cohorte_12M,1472,2099.0,70.1
13106,Estación Central,VACUNA SRP (TRIVIRICA) 2DA DOSIS,Cohorte_36M,1105,2182.0,50.6
13106,Estación Central,VACUNA VARICELA 1RA DOSIS,Cohorte_18M,1470,2272.0,64.7
13106,Estación Central,VACUNA VARICELA 2DA DOSIS,Cohorte_36M,1136,2182.0,52.1
13106,Estación Central,VACUNA VPH 4 BASICO,VPH_4basico,1516,1939.0,78.2
13106,Estación Central,VACUNA VPH 5 BASICO,VPH_5basico,1189,1904.0,62.4
13107,Huechuraba,VACUNA BCG,BCG_RN,792,820.0,96.6
13107,Huechuraba,VACUNA DTPA 1 BASICO,dTpa_1basico,929,1016.0,91.4
13107,Huechuraba,VACUNA DTPA 8 BASICO,dTpa_8basico,1008,1168.0,86.3
13107,Huechuraba,VACUNA DTPA GESTANTES,dTpa_Gestantes,794,939.0,84.6
13107,Huechuraba,VACUNA HEPATITIS A PEDIATRICA,Cohorte_18M,846,880.0,96.1
13107,Huechuraba,VACUNA HEPATITIS B RN,HepB_RN,779,820.0,95.0
13107,Huechuraba,VACUNA HEXAVALENTE 1RA DOSIS,Cohorte_2M,833,818.0,101.8
13107,Huechuraba,VACUNA HEXAVALENTE 2DA DOSIS,Cohorte_4M,810,796.0,101.8
13107,Huechuraba,VACUNA HEXAVALENTE 3RA DOSIS,Hexavalente_3d_6m,797,789.0,101.0
13107,Huechuraba,VACUNA HEXAVALENTE REFUERZO,Hexavalente_ref_18m,870,880.0,98.9
13107,Huechuraba,VACUNA MENINGOCOCICA CONJUGADA DOSIS UNICA,Cohorte_12M,840,815.0,103.1
13107,Huechuraba,VACUNA MENINGOCOCICA RECOMBINANTE 1RA DOSIS,Cohorte_2M,837,818.0,102.3
13107,Huechuraba,VACUNA MENINGOCOCICA RECOMBINANTE 2DA DOSIS,Cohorte_4M,813,796.0,102.1
13107,Huechuraba,VACUNA MENINGOCOCICA RECOMBINANTE REFUERZO,Cohorte_18M,195,880.0,22.2
13107,Huechuraba,VACUNA NEUMOCOCICA CONJUGADA 1RA DOSIS,Cohorte_2M,833,818.0,101.8
13107,Huechuraba,VACUNA NEUMOCOCICA CONJUGADA 2DA DOSIS,Cohorte_4M,813,796.0,102.1
13107,Huechuraba,VACUNA NEUMOCOCICA CONJUGADA REFUERZO,Cohorte_12M,857,815.0,105.2
13107,Huechuraba,VACUNA NEUMOCOCICA POLISACARIDA,Neumococica_Polisacarida_65,441,903.0,48.8
13107,Huechuraba,VACUNA SRP (TRIVIRICA) 1RA DOSIS,Cohorte_12M,854,815.0,104.8
13107,Huechuraba,VACUNA SRP (TRIVIRICA) 2DA DOSIS,Cohorte_36M,744,897.0,82.9
13107,Huechuraba,VACUNA VARICELA 1RA DOSIS,Cohorte_18M,867,880.0,98.5
13107,Huechuraba,VACUNA VARICELA 2DA DOSIS,Cohorte_36M,748,897.0,83.4
13107,Huechuraba,VACUNA VPH 4 BASICO,VPH_4basico,1063,1220.0,87.1
13107,Huechuraba,VACUNA VPH 5 BASICO,VPH_5basico,915,1150.0,79.6
13108,Independencia,VACUNA BCG,BCG_RN,826,1118.0,73.9
13108,Independencia,VACUNA DTPA 1 BASICO,dTpa_1basico,1255,1372.0,91.5
13108,Independencia,VACUNA DTPA 8 BASICO,dTpa_8basico,1277,1452.0,87.9
13108,Independencia,VACUNA DTPA GESTANTES,dTpa_Gestantes,987,1456.0,67.8
13108,Independencia,VACUNA HEPATITIS A PEDIATRICA,Cohorte_18M,1165,1373.0,84.9
13108,Independencia,VACUNA HEPATITIS B RN,HepB_RN,821,1118.0,73.4
13108,Independencia,VACUNA HEXAVALENTE 1RA DOSIS,Cohorte_2M,1086,1116.0,97.3
13108,Independencia,VACUNA HEXAVALENTE 2DA DOSIS,Cohorte_4M,1048,1117.0,93.8
13108,Independencia,VACUNA HEXAVALENTE 3RA DOSIS,Hexavalente_3d_6m,1072,1154.0,92.9
13108,Independencia,VACUNA HEXAVALENTE REFUERZO,Hexavalente_ref_18m,1155,1373.0,84.1
13108,Independencia,VACUNA MENINGOCOCICA CONJUGADA DOSIS UNICA,Cohorte_12M,1150,1243.0,92.5
13108,Independencia,VACUNA MENINGOCOCICA RECOMBINANTE 1RA DOSIS,Cohorte_2M,1134,1116.0,101.6
13108,Independencia,VACUNA MENINGOCOCICA RECOMBINANTE 2DA DOSIS,Cohorte_4M,1088,1117.0,97.4
13108,Independencia,VACUNA MENINGOCOCICA RECOMBINANTE REFUERZO,Cohorte_18M,173,1373.0,12.6
13108,Independencia,VACUNA NEUMOCOCICA CONJUGADA 1RA DOSIS,Cohorte_2M,1097,1116.0,98.3
13108,Independencia,VACUNA NEUMOCOCICA CONJUGADA 2DA DOSIS,Cohorte_4M,1050,1117.0,94.0
13108,Independencia,VACUNA NEUMOCOCICA CONJUGADA REFUERZO,Cohorte_12M,1114,1243.0,89.6
13108,Independencia,VACUNA NEUMOCOCICA POLISACARIDA,Neumococica_Polisacarida_65,762,1265.0,60.2
13108,Independencia,VACUNA SRP (TRIVIRICA) 1RA DOSIS,Cohorte_12M,1115,1243.0,89.7
13108,Independencia,VACUNA SRP (TRIVIRICA) 2DA DOSIS,Cohorte_36M,928,1391.0,66.7
13108,Independencia,VACUNA VARICELA 1RA DOSIS,Cohorte_18M,1150,1373.0,83.8
13108,Independencia,VACUNA VARICELA 2DA DOSIS,Cohorte_36M,977,1391.0,70.2
13108,Independencia,VACUNA VPH 4 BASICO,VPH_4basico,1260,1453.0,86.7
13108,Independencia,VACUNA VPH 5 BASICO,VPH_5basico,1138,1434.0,79.4
13109,La Cisterna,VACUNA BCG,BCG_RN,673,886.0,76.0
13109,La Cisterna,VACUNA DTPA 1 BASICO,dTpa_1basico,1373,1446.0,95.0
13109,La Cisterna,VACUNA DTPA 8 BASICO,dTpa_8basico,1672,1818.0,92.0
13109,La Cisterna,VACUNA DTPA GESTANTES,dTpa_Gestantes,694,984.0,70.5
13109,La Cisterna,VACUNA HEPATITIS A PEDIATRICA,Cohorte_18M,782,974.0,80.3
13109,La Cisterna,VACUNA HEPATITIS B RN,HepB_RN,673,886.0,76.0
13109,La Cisterna,VACUNA HEXAVALENTE 1RA DOSIS,Cohorte_2M,764,898.0,85.1
13109,La Cisterna,VACUNA HEXAVALENTE 2DA DOSIS,Cohorte_4M,797,926.0,86.1
13109,La Cisterna,VACUNA HEXAVALENTE 3RA DOSIS,Hexavalente_3d_6m,769,911.0,84.4
13109,La Cisterna,VACUNA HEXAVALENTE REFUERZO,Hexavalente_ref_18m,788,974.0,80.9
13109,La Cisterna,VACUNA MENINGOCOCICA CONJUGADA DOSIS UNICA,Cohorte_12M,833,948.0,87.9
13109,La Cisterna,VACUNA MENINGOCOCICA RECOMBINANTE 1RA DOSIS,Cohorte_2M,765,898.0,85.2
13109,La Cisterna,VACUNA MENINGOCOCICA RECOMBINANTE 2DA DOSIS,Cohorte_4M,796,926.0,86.0
13109,La Cisterna,VACUNA MENINGOCOCICA RECOMBINANTE REFUERZO,Cohorte_18M,128,974.0,13.1
13109,La Cisterna,VACUNA NEUMOCOCICA CONJUGADA 1RA DOSIS,Cohorte_2M,768,898.0,85.5
13109,La Cisterna,VACUNA NEUMOCOCICA CONJUGADA 2DA DOSIS,Cohorte_4M,797,926.0,86.1
13109,La Cisterna,VACUNA NEUMOCOCICA CONJUGADA REFUERZO,Cohorte_12M,821,948.0,86.6
13109,La Cisterna,VACUNA NEUMOCOCICA POLISACARIDA,Neumococica_Polisacarida_65,793,1064.0,74.5
13109,La Cisterna,VACUNA SRP (TRIVIRICA) 1RA DOSIS,Cohorte_12M,830,948.0,87.6
13109,La Cisterna,VACUNA SRP (TRIVIRICA) 2DA DOSIS,Cohorte_36M,723,940.0,76.9
13109,La Cisterna,VACUNA VARICELA 1RA DOSIS,Cohorte_18M,797,974.0,81.8
13109,La Cisterna,VACUNA VARICELA 2DA DOSIS,Cohorte_36M,730,940.0,77.7
13109,La Cisterna,VACUNA VPH 4 BASICO,VPH_4basico,1500,1651.0,90.9
13109,La Cisterna,VACUNA VPH 5 BASICO,VPH_5basico,1377,1657.0,83.1
13110,La Florida,VACUNA BCG,BCG_RN,2934,2911.0,100.8
13110,La Florida,VACUNA DTPA 1 BASICO,dTpa_1basico,4247,4393.0,96.7
13110,La Florida,VACUNA DTPA 8 BASICO,dTpa_8basico,4721,5424.0,87.0
13110,La Florida,VACUNA DTPA GESTANTES,dTpa_Gestantes,2924,3474.0,84.2
13110,La Florida,VACUNA HEPATITIS A PEDIATRICA,Cohorte_18M,3404,3394.0,100.3
13110,La Florida,VACUNA HEPATITIS B RN,HepB_RN,2922,2911.0,100.4
13110,La Florida,VACUNA HEXAVALENTE 1RA DOSIS,Cohorte_2M,3424,2898.0,118.2
13110,La Florida,VACUNA HEXAVALENTE 2DA DOSIS,Cohorte_4M,3543,3027.0,117.0
13110,La Florida,VACUNA HEXAVALENTE 3RA DOSIS,Hexavalente_3d_6m,3502,3074.0,113.9
13110,La Florida,VACUNA HEXAVALENTE REFUERZO,Hexavalente_ref_18m,3423,3394.0,100.9
13110,La Florida,VACUNA MENINGOCOCICA CONJUGADA DOSIS UNICA,Cohorte_12M,3503,3244.0,108.0
13110,La Florida,VACUNA MENINGOCOCICA RECOMBINANTE 1RA DOSIS,Cohorte_2M,3435,2898.0,118.5
13110,La Florida,VACUNA MENINGOCOCICA RECOMBINANTE 2DA DOSIS,Cohorte_4M,3535,3027.0,116.8
13110,La Florida,VACUNA MENINGOCOCICA RECOMBINANTE REFUERZO,Cohorte_18M,568,3394.0,16.7
13110,La Florida,VACUNA NEUMOCOCICA CONJUGADA 1RA DOSIS,Cohorte_2M,3427,2898.0,118.3
13110,La Florida,VACUNA NEUMOCOCICA CONJUGADA 2DA DOSIS,Cohorte_4M,3542,3027.0,117.0
13110,La Florida,VACUNA NEUMOCOCICA CONJUGADA REFUERZO,Cohorte_12M,3511,3244.0,108.2
13110,La Florida,VACUNA NEUMOCOCICA POLISACARIDA,Neumococica_Polisacarida_65,2924,4802.0,60.9
13110,La Florida,VACUNA SRP (TRIVIRICA) 1RA DOSIS,Cohorte_12M,3542,3244.0,109.2
13110,La Florida,VACUNA SRP (TRIVIRICA) 2DA DOSIS,Cohorte_36M,2854,3318.0,86.0
13110,La Florida,VACUNA VARICELA 1RA DOSIS,Cohorte_18M,3451,3394.0,101.7
13110,La Florida,VACUNA VARICELA 2DA DOSIS,Cohorte_36M,2875,3318.0,86.6
13110,La Florida,VACUNA VPH 4 BASICO,VPH_4basico,4614,5226.0,88.3
13110,La Florida,VACUNA VPH 5 BASICO,VPH_5basico,4040,5165.0,78.2
13111,La Granja,VACUNA BCG,BCG_RN,731,837.0,87.3
13111,La Granja,VACUNA DTPA 1 BASICO,dTpa_1basico,1140,1332.0,85.6
13111,La Granja,VACUNA DTPA 8 BASICO,dTpa_8basico,1182,1432.0,82.5
13111,La Granja,VACUNA DTPA GESTANTES,dTpa_Gestantes,855,1049.0,81.5
13111,La Granja,VACUNA HEPATITIS A PEDIATRICA,Cohorte_18M,1048,1012.0,103.6
13111,La Granja,VACUNA HEPATITIS B RN,HepB_RN,725,837.0,86.6
13111,La Granja,VACUNA HEXAVALENTE 1RA DOSIS,Cohorte_2M,938,848.0,110.6
13111,La Granja,VACUNA HEXAVALENTE 2DA DOSIS,Cohorte_4M,962,853.0,112.8
13111,La Granja,VACUNA HEXAVALENTE 3RA DOSIS,Hexavalente_3d_6m,967,886.0,109.1
13111,La Granja,VACUNA HEXAVALENTE REFUERZO,Hexavalente_ref_18m,1049,1012.0,103.7
13111,La Granja,VACUNA MENINGOCOCICA CONJUGADA DOSIS UNICA,Cohorte_12M,1004,959.0,104.7
13111,La Granja,VACUNA MENINGOCOCICA RECOMBINANTE 1RA DOSIS,Cohorte_2M,945,848.0,111.4
13111,La Granja,VACUNA MENINGOCOCICA RECOMBINANTE 2DA DOSIS,Cohorte_4M,967,853.0,113.4
13111,La Granja,VACUNA MENINGOCOCICA RECOMBINANTE REFUERZO,Cohorte_18M,181,1012.0,17.9
13111,La Granja,VACUNA NEUMOCOCICA CONJUGADA 1RA DOSIS,Cohorte_2M,941,848.0,111.0
13111,La Granja,VACUNA NEUMOCOCICA CONJUGADA 2DA DOSIS,Cohorte_4M,964,853.0,113.0
13111,La Granja,VACUNA NEUMOCOCICA CONJUGADA REFUERZO,Cohorte_12M,1011,959.0,105.4
13111,La Granja,VACUNA NEUMOCOCICA POLISACARIDA,Neumococica_Polisacarida_65,846,1360.0,62.2
13111,La Granja,VACUNA SRP (TRIVIRICA) 1RA DOSIS,Cohorte_12M,1009,959.0,105.2
13111,La Granja,VACUNA SRP (TRIVIRICA) 2DA DOSIS,Cohorte_36M,973,1002.0,97.1
13111,La Granja,VACUNA VARICELA 1RA DOSIS,Cohorte_18M,1041,1012.0,102.9
13111,La Granja,VACUNA VARICELA 2DA DOSIS,Cohorte_36M,978,1002.0,97.6
13111,La Granja,VACUNA VPH 4 BASICO,VPH_4basico,1284,1463.0,87.8
13111,La Granja,VACUNA VPH 5 BASICO,VPH_5basico,1105,1475.0,74.9
13112,La Pintana,VACUNA BCG,BCG_RN,1320,1489.0,88.7
13112,La Pintana,VACUNA DTPA 1 BASICO,dTpa_1basico,1954,2214.0,88.3
13112,La Pintana,VACUNA DTPA 8 BASICO,dTpa_8basico,1897,2449.0,77.5
13112,La Pintana,VACUNA DTPA GESTANTES,dTpa_Gestantes,1228,2004.0,61.3
13112,La Pintana,VACUNA HEPATITIS A PEDIATRICA,Cohorte_18M,1511,1853.0,81.5
13112,La Pintana,VACUNA HEPATITIS B RN,HepB_RN,1337,1489.0,89.8
13112,La Pintana,VACUNA HEXAVALENTE 1RA DOSIS,Cohorte_2M,1344,1554.0,86.5
13112,La Pintana,VACUNA HEXAVALENTE 2DA DOSIS,Cohorte_4M,1364,1580.0,86.3
13112,La Pintana,VACUNA HEXAVALENTE 3RA DOSIS,Hexavalente_3d_6m,1392,1606.0,86.7
13112,La Pintana,VACUNA HEXAVALENTE REFUERZO,Hexavalente_ref_18m,1519,1853.0,82.0
13112,La Pintana,VACUNA MENINGOCOCICA CONJUGADA DOSIS UNICA,Cohorte_12M,1429,1751.0,81.6
13112,La Pintana,VACUNA MENINGOCOCICA RECOMBINANTE 1RA DOSIS,Cohorte_2M,1348,1554.0,86.7
13112,La Pintana,VACUNA MENINGOCOCICA RECOMBINANTE 2DA DOSIS,Cohorte_4M,1368,1580.0,86.6
13112,La Pintana,VACUNA MENINGOCOCICA RECOMBINANTE REFUERZO,Cohorte_18M,220,1853.0,11.9
13112,La Pintana,VACUNA NEUMOCOCICA CONJUGADA 1RA DOSIS,Cohorte_2M,1343,1554.0,86.4
13112,La Pintana,VACUNA NEUMOCOCICA CONJUGADA 2DA DOSIS,Cohorte_4M,1367,1580.0,86.5
13112,La Pintana,VACUNA NEUMOCOCICA CONJUGADA REFUERZO,Cohorte_12M,1427,1751.0,81.5
13112,La Pintana,VACUNA NEUMOCOCICA POLISACARIDA,Neumococica_Polisacarida_65,846,1915.0,44.2
13112,La Pintana,VACUNA SRP (TRIVIRICA) 1RA DOSIS,Cohorte_12M,1452,1751.0,82.9
13112,La Pintana,VACUNA SRP (TRIVIRICA) 2DA DOSIS,Cohorte_36M,1393,1914.0,72.8
13112,La Pintana,VACUNA VARICELA 1RA DOSIS,Cohorte_18M,1508,1853.0,81.4
13112,La Pintana,VACUNA VARICELA 2DA DOSIS,Cohorte_36M,1400,1914.0,73.1
13112,La Pintana,VACUNA VPH 4 BASICO,VPH_4basico,2051,2548.0,80.5
13112,La Pintana,VACUNA VPH 5 BASICO,VPH_5basico,1659,2442.0,67.9
13113,La Reina,VACUNA BCG,BCG_RN,503,505.0,99.6
13113,La Reina,VACUNA DTPA 1 BASICO,dTpa_1basico,1438,1446.0,99.4
13113,La Reina,VACUNA DTPA 8 BASICO,dTpa_8basico,1514,1710.0,88.5
13113,La Reina,VACUNA DTPA GESTANTES,dTpa_Gestantes,444,657.0,67.6
13113,La Reina,VACUNA HEPATITIS A PEDIATRICA,Cohorte_18M,501,596.0,84.1
13113,La Reina,VACUNA HEPATITIS B RN,HepB_RN,480,505.0,95.0
13113,La Reina,VACUNA HEXAVALENTE 1RA DOSIS,Cohorte_2M,496,526.0,94.3
13113,La Reina,VACUNA HEXAVALENTE 2DA DOSIS,Cohorte_4M,528,540.0,97.8
13113,La Reina,VACUNA HEXAVALENTE 3RA DOSIS,Hexavalente_3d_6m,534,550.0,97.1
13113,La Reina,VACUNA HEXAVALENTE REFUERZO,Hexavalente_ref_18m,614,596.0,103.0
13113,La Reina,VACUNA MENINGOCOCICA CONJUGADA DOSIS UNICA,Cohorte_12M,544,572.0,95.1
13113,La Reina,VACUNA MENINGOCOCICA RECOMBINANTE 1RA DOSIS,Cohorte_2M,507,526.0,96.4
13113,La Reina,VACUNA MENINGOCOCICA RECOMBINANTE 2DA DOSIS,Cohorte_4M,532,540.0,98.5
13113,La Reina,VACUNA MENINGOCOCICA RECOMBINANTE REFUERZO,Cohorte_18M,133,596.0,22.3
13113,La Reina,VACUNA NEUMOCOCICA CONJUGADA 1RA DOSIS,Cohorte_2M,496,526.0,94.3
13113,La Reina,VACUNA NEUMOCOCICA CONJUGADA 2DA DOSIS,Cohorte_4M,533,540.0,98.7
13113,La Reina,VACUNA NEUMOCOCICA CONJUGADA REFUERZO,Cohorte_12M,573,572.0,100.2
13113,La Reina,VACUNA NEUMOCOCICA POLISACARIDA,Neumococica_Polisacarida_65,635,1104.0,57.5
13113,La Reina,VACUNA SRP (TRIVIRICA) 1RA DOSIS,Cohorte_12M,578,572.0,101.0
13113,La Reina,VACUNA SRP (TRIVIRICA) 2DA DOSIS,Cohorte_36M,551,628.0,87.7
13113,La Reina,VACUNA VARICELA 1RA DOSIS,Cohorte_18M,619,596.0,103.9
13113,La Reina,VACUNA VARICELA 2DA DOSIS,Cohorte_36M,556,628.0,88.5
13113,La Reina,VACUNA VPH 4 BASICO,VPH_4basico,1689,1843.0,91.6
13113,La Reina,VACUNA VPH 5 BASICO,VPH_5basico,1391,1754.0,79.3
13114,Las Condes,VACUNA BCG,BCG_RN,2547,2562.0,99.4
13114,Las Condes,VACUNA DTPA 1 BASICO,dTpa_1basico,2530,2641.0,95.8
13114,Las Condes,VACUNA DTPA 8 BASICO,dTpa_8basico,2707,3069.0,88.2
13114,Las Condes,VACUNA DTPA GESTANTES,dTpa_Gestantes,2815,3085.0,91.2
13114,Las Condes,VACUNA HEPATITIS A PEDIATRICA,Cohorte_18M,2198,2832.0,77.6
13114,Las Condes,VACUNA HEPATITIS B RN,HepB_RN,2631,2562.0,102.7
13114,Las Condes,VACUNA HEXAVALENTE 1RA DOSIS,Cohorte_2M,2855,2618.0,109.1
13114,Las Condes,VACUNA HEXAVALENTE 2DA DOSIS,Cohorte_4M,2881,2637.0,109.3
13114,Las Condes,VACUNA HEXAVALENTE 3RA DOSIS,Hexavalente_3d_6m,2914,2704.0,107.8
13114,Las Condes,VACUNA HEXAVALENTE REFUERZO,Hexavalente_ref_18m,2855,2832.0,100.8
13114,Las Condes,VACUNA MENINGOCOCICA CONJUGADA DOSIS UNICA,Cohorte_12M,2807,2779.0,101.0
13114,Las Condes,VACUNA MENINGOCOCICA RECOMBINANTE 1RA DOSIS,Cohorte_2M,2920,2618.0,111.5
13114,Las Condes,VACUNA MENINGOCOCICA RECOMBINANTE 2DA DOSIS,Cohorte_4M,2908,2637.0,110.3
13114,Las Condes,VACUNA MENINGOCOCICA RECOMBINANTE REFUERZO,Cohorte_18M,726,2832.0,25.6
13114,Las Condes,VACUNA NEUMOCOCICA CONJUGADA 1RA DOSIS,Cohorte_2M,2861,2618.0,109.3
13114,Las Condes,VACUNA NEUMOCOCICA CONJUGADA 2DA DOSIS,Cohorte_4M,2888,2637.0,109.5
13114,Las Condes,VACUNA NEUMOCOCICA CONJUGADA REFUERZO,Cohorte_12M,2994,2779.0,107.7
13114,Las Condes,VACUNA NEUMOCOCICA POLISACARIDA,Neumococica_Polisacarida_65,1758,3605.0,48.8
13114,Las Condes,VACUNA SRP (TRIVIRICA) 1RA DOSIS,Cohorte_12M,2984,2779.0,107.4
13114,Las Condes,VACUNA SRP (TRIVIRICA) 2DA DOSIS,Cohorte_36M,2433,2947.0,82.6
13114,Las Condes,VACUNA VARICELA 1RA DOSIS,Cohorte_18M,2824,2832.0,99.7
13114,Las Condes,VACUNA VARICELA 2DA DOSIS,Cohorte_36M,2450,2947.0,83.1
13114,Las Condes,VACUNA VPH 4 BASICO,VPH_4basico,2517,2908.0,86.6
13114,Las Condes,VACUNA VPH 5 BASICO,VPH_5basico,2334,2852.0,81.8
13115,Lo Barnechea,VACUNA BCG,BCG_RN,881,884.0,99.7
13115,Lo Barnechea,VACUNA DTPA 1 BASICO,dTpa_1basico,1250,1311.0,95.3
13115,Lo Barnechea,VACUNA DTPA 8 BASICO,dTpa_8basico,1396,1623.0,86.0
13115,Lo Barnechea,VACUNA DTPA GESTANTES,dTpa_Gestantes,852,1139.0,74.8
13115,Lo Barnechea,VACUNA HEPATITIS A PEDIATRICA,Cohorte_18M,1032,1044.0,98.9
13115,Lo Barnechea,VACUNA HEPATITIS B RN,HepB_RN,825,884.0,93.3
13115,Lo Barnechea,VACUNA HEXAVALENTE 1RA DOSIS,Cohorte_2M,991,884.0,112.1
13115,Lo Barnechea,VACUNA HEXAVALENTE 2DA DOSIS,Cohorte_4M,962,874.0,110.1
13115,Lo Barnechea,VACUNA HEXAVALENTE 3RA DOSIS,Hexavalente_3d_6m,1018,931.0,109.3
13115,Lo Barnechea,VACUNA HEXAVALENTE REFUERZO,Hexavalente_ref_18m,1106,1044.0,105.9
13115,Lo Barnechea,VACUNA MENINGOCOCICA CONJUGADA DOSIS UNICA,Cohorte_12M,1098,1041.0,105.5
13115,Lo Barnechea,VACUNA MENINGOCOCICA RECOMBINANTE 1RA DOSIS,Cohorte_2M,1023,884.0,115.7
13115,Lo Barnechea,VACUNA MENINGOCOCICA RECOMBINANTE 2DA DOSIS,Cohorte_4M,984,874.0,112.6
13115,Lo Barnechea,VACUNA MENINGOCOCICA RECOMBINANTE REFUERZO,Cohorte_18M,268,1044.0,25.7
13115,Lo Barnechea,VACUNA NEUMOCOCICA CONJUGADA 1RA DOSIS,Cohorte_2M,987,884.0,111.7
13115,Lo Barnechea,VACUNA NEUMOCOCICA CONJUGADA 2DA DOSIS,Cohorte_4M,963,874.0,110.2
13115,Lo Barnechea,VACUNA NEUMOCOCICA CONJUGADA REFUERZO,Cohorte_12M,1127,1041.0,108.3
13115,Lo Barnechea,VACUNA NEUMOCOCICA POLISACARIDA,Neumococica_Polisacarida_65,419,1057.0,39.6
13115,Lo Barnechea,VACUNA SRP (TRIVIRICA) 1RA DOSIS,Cohorte_12M,1131,1041.0,108.6
13115,Lo Barnechea,VACUNA SRP (TRIVIRICA) 2DA DOSIS,Cohorte_36M,1026,1088.0,94.3
13115,Lo Barnechea,VACUNA VARICELA 1RA DOSIS,Cohorte_18M,1104,1044.0,105.7
13115,Lo Barnechea,VACUNA VARICELA 2DA DOSIS,Cohorte_36M,1031,1088.0,94.8
13115,Lo Barnechea,VACUNA VPH 4 BASICO,VPH_4basico,1406,1593.0,88.3
13115,Lo Barnechea,VACUNA VPH 5 BASICO,VPH_5basico,1195,1529.0,78.2
13116,Lo Espejo,VACUNA BCG,BCG_RN,609,685.0,88.9
13116,Lo Espejo,VACUNA DTPA 1 BASICO,dTpa_1basico,748,842.0,88.8
13116,Lo Espejo,VACUNA DTPA 8 BASICO,dTpa_8basico,718,899.0,79.9
13116,Lo Espejo,VACUNA DTPA GESTANTES,dTpa_Gestantes,653,967.0,67.5
13116,Lo Espejo,VACUNA HEPATITIS A PEDIATRICA,Cohorte_18M,879,910.0,96.6
13116,Lo Espejo,VACUNA HEPATITIS B RN,HepB_RN,592,685.0,86.4
13116,Lo Espejo,VACUNA HEXAVALENTE 1RA DOSIS,Cohorte_2M,738,722.0,102.2
13116,Lo Espejo,VACUNA HEXAVALENTE 2DA DOSIS,Cohorte_4M,753,733.0,102.7
13116,Lo Espejo,VACUNA HEXAVALENTE 3RA DOSIS,Hexavalente_3d_6m,756,753.0,100.4
13116,Lo Espejo,VACUNA HEXAVALENTE REFUERZO,Hexavalente_ref_18m,873,910.0,95.9
13116,Lo Espejo,VACUNA MENINGOCOCICA CONJUGADA DOSIS UNICA,Cohorte_12M,873,857.0,101.9
13116,Lo Espejo,VACUNA MENINGOCOCICA RECOMBINANTE 1RA DOSIS,Cohorte_2M,757,722.0,104.8
13116,Lo Espejo,VACUNA MENINGOCOCICA RECOMBINANTE 2DA DOSIS,Cohorte_4M,759,733.0,103.5
13116,Lo Espejo,VACUNA MENINGOCOCICA RECOMBINANTE REFUERZO,Cohorte_18M,136,910.0,14.9
13116,Lo Espejo,VACUNA NEUMOCOCICA CONJUGADA 1RA DOSIS,Cohorte_2M,745,722.0,103.2
13116,Lo Espejo,VACUNA NEUMOCOCICA CONJUGADA 2DA DOSIS,Cohorte_4M,754,733.0,102.9
13116,Lo Espejo,VACUNA NEUMOCOCICA CONJUGADA REFUERZO,Cohorte_12M,867,857.0,101.2
13116,Lo Espejo,VACUNA NEUMOCOCICA POLISACARIDA,Neumococica_Polisacarida_65,820,991.0,82.7
13116,Lo Espejo,VACUNA SRP (TRIVIRICA) 1RA DOSIS,Cohorte_12M,871,857.0,101.6
13116,Lo Espejo,VACUNA SRP (TRIVIRICA) 2DA DOSIS,Cohorte_36M,782,924.0,84.6
13116,Lo Espejo,VACUNA VARICELA 1RA DOSIS,Cohorte_18M,877,910.0,96.4
13116,Lo Espejo,VACUNA VARICELA 2DA DOSIS,Cohorte_36M,797,924.0,86.3
13116,Lo Espejo,VACUNA VPH 4 BASICO,VPH_4basico,695,836.0,83.1
13116,Lo Espejo,VACUNA VPH 5 BASICO,VPH_5basico,615,865.0,71.1
13117,Lo Prado,VACUNA BCG,BCG_RN,580,597.0,97.2
13117,Lo Prado,VACUNA DTPA 1 BASICO,dTpa_1basico,838,958.0,87.5
13117,Lo Prado,VACUNA DTPA 8 BASICO,dTpa_8basico,825,987.0,83.6
13117,Lo Prado,VACUNA DTPA GESTANTES,dTpa_Gestantes,726,803.0,90.4
13117,Lo Prado,VACUNA HEPATITIS A PEDIATRICA,Cohorte_18M,1007,816.0,123.4
13117,Lo Prado,VACUNA HEPATITIS B RN,HepB_RN,598,597.0,100.2
13117,Lo Prado,VACUNA HEXAVALENTE 1RA DOSIS,Cohorte_2M,756,616.0,122.7
13117,Lo Prado,VACUNA HEXAVALENTE 2DA DOSIS,Cohorte_4M,818,661.0,123.8
13117,Lo Prado,VACUNA HEXAVALENTE 3RA DOSIS,Hexavalente_3d_6m,856,705.0,121.4
13117,Lo Prado,VACUNA HEXAVALENTE REFUERZO,Hexavalente_ref_18m,1002,816.0,122.8
13117,Lo Prado,VACUNA MENINGOCOCICA CONJUGADA DOSIS UNICA,Cohorte_12M,951,763.0,124.6
13117,Lo Prado,VACUNA MENINGOCOCICA RECOMBINANTE 1RA DOSIS,Cohorte_2M,765,616.0,124.2
13117,Lo Prado,VACUNA MENINGOCOCICA RECOMBINANTE 2DA DOSIS,Cohorte_4M,826,661.0,125.0
13117,Lo Prado,VACUNA MENINGOCOCICA RECOMBINANTE REFUERZO,Cohorte_18M,163,816.0,20.0
13117,Lo Prado,VACUNA NEUMOCOCICA CONJUGADA 1RA DOSIS,Cohorte_2M,760,616.0,123.4
13117,Lo Prado,VACUNA NEUMOCOCICA CONJUGADA 2DA DOSIS,Cohorte_4M,819,661.0,123.9
13117,Lo Prado,VACUNA NEUMOCOCICA CONJUGADA REFUERZO,Cohorte_12M,937,763.0,122.8
13117,Lo Prado,VACUNA NEUMOCOCICA POLISACARIDA,Neumococica_Polisacarida_65,711,1018.0,69.8
13117,Lo Prado,VACUNA SRP (TRIVIRICA) 1RA DOSIS,Cohorte_12M,949,763.0,124.4
13117,Lo Prado,VACUNA SRP (TRIVIRICA) 2DA DOSIS,Cohorte_36M,848,767.0,110.6
13117,Lo Prado,VACUNA VARICELA 1RA DOSIS,Cohorte_18M,1001,816.0,122.7
13117,Lo Prado,VACUNA VARICELA 2DA DOSIS,Cohorte_36M,860,767.0,112.1
13117,Lo Prado,VACUNA VPH 4 BASICO,VPH_4basico,995,1089.0,91.4
13117,Lo Prado,VACUNA VPH 5 BASICO,VPH_5basico,747,996.0,75.0
13118,Macul,VACUNA BCG,BCG_RN,874,908.0,96.3
13118,Macul,VACUNA DTPA 1 BASICO,dTpa_1basico,907,1036.0,87.5
13118,Macul,VACUNA DTPA 8 BASICO,dTpa_8basico,958,1098.0,87.2
13118,Macul,VACUNA DTPA GESTANTES,dTpa_Gestantes,756,1151.0,65.7
13118,Macul,VACUNA HEPATITIS A PEDIATRICA,Cohorte_18M,869,1127.0,77.1
13118,Macul,VACUNA HEPATITIS B RN,HepB_RN,868,908.0,95.6
13118,Macul,VACUNA HEXAVALENTE 1RA DOSIS,Cohorte_2M,847,894.0,94.7
13118,Macul,VACUNA HEXAVALENTE 2DA DOSIS,Cohorte_4M,850,919.0,92.5
13118,Macul,VACUNA HEXAVALENTE 3RA DOSIS,Hexavalente_3d_6m,853,958.0,89.0
13118,Macul,VACUNA HEXAVALENTE REFUERZO,Hexavalente_ref_18m,906,1127.0,80.4
13118,Macul,VACUNA MENINGOCOCICA CONJUGADA DOSIS UNICA,Cohorte_12M,867,1044.0,83.0
13118,Macul,VACUNA MENINGOCOCICA RECOMBINANTE 1RA DOSIS,Cohorte_2M,854,894.0,95.5
13118,Macul,VACUNA MENINGOCOCICA RECOMBINANTE 2DA DOSIS,Cohorte_4M,848,919.0,92.3
13118,Macul,VACUNA MENINGOCOCICA RECOMBINANTE REFUERZO,Cohorte_18M,174,1127.0,15.4
13118,Macul,VACUNA NEUMOCOCICA CONJUGADA 1RA DOSIS,Cohorte_2M,847,894.0,94.7
13118,Macul,VACUNA NEUMOCOCICA CONJUGADA 2DA DOSIS,Cohorte_4M,845,919.0,91.9
13118,Macul,VACUNA NEUMOCOCICA CONJUGADA REFUERZO,Cohorte_12M,875,1044.0,83.8
13118,Macul,VACUNA NEUMOCOCICA POLISACARIDA,Neumococica_Polisacarida_65,640,1474.0,43.4
13118,Macul,VACUNA SRP (TRIVIRICA) 1RA DOSIS,Cohorte_12M,886,1044.0,84.9
13118,Macul,VACUNA SRP (TRIVIRICA) 2DA DOSIS,Cohorte_36M,726,1099.0,66.1
13118,Macul,VACUNA VARICELA 1RA DOSIS,Cohorte_18M,905,1127.0,80.3
13118,Macul,VACUNA VARICELA 2DA DOSIS,Cohorte_36M,727,1099.0,66.2
13118,Macul,VACUNA VPH 4 BASICO,VPH_4basico,1103,1305.0,84.5
13118,Macul,VACUNA VPH 5 BASICO,VPH_5basico,924,1199.0,77.1
13119,Maipú,VACUNA BCG,BCG_RN,3237,3375.0,95.9
13119,Maipú,VACUNA DTPA 1 BASICO,dTpa_1basico,5060,5671.0,89.2
13119,Maipú,VACUNA DTPA 8 BASICO,dTpa_8basico,5675,6890.0,82.4
13119,Maipú,VACUNA DTPA GESTANTES,dTpa_Gestantes,2682,4284.0,62.6
13119,Maipú,VACUNA HEPATITIS A PEDIATRICA,Cohorte_18M,3492,4180.0,83.5
13119,Maipú,VACUNA HEPATITIS B RN,HepB_RN,3194,3375.0,94.6
13119,Maipú,VACUNA HEXAVALENTE 1RA DOSIS,Cohorte_2M,3217,3440.0,93.5
13119,Maipú,VACUNA HEXAVALENTE 2DA DOSIS,Cohorte_4M,3217,3460.0,93.0
13119,Maipú,VACUNA HEXAVALENTE 3RA DOSIS,Hexavalente_3d_6m,3216,3541.0,90.8
13119,Maipú,VACUNA HEXAVALENTE REFUERZO,Hexavalente_ref_18m,3528,4180.0,84.4
13119,Maipú,VACUNA MENINGOCOCICA CONJUGADA DOSIS UNICA,Cohorte_12M,3427,3863.0,88.7
13119,Maipú,VACUNA MENINGOCOCICA RECOMBINANTE 1RA DOSIS,Cohorte_2M,3236,3440.0,94.1
13119,Maipú,VACUNA MENINGOCOCICA RECOMBINANTE 2DA DOSIS,Cohorte_4M,3221,3460.0,93.1
13119,Maipú,VACUNA MENINGOCOCICA RECOMBINANTE REFUERZO,Cohorte_18M,580,4180.0,13.9
13119,Maipú,VACUNA NEUMOCOCICA CONJUGADA 1RA DOSIS,Cohorte_2M,3221,3440.0,93.6
13119,Maipú,VACUNA NEUMOCOCICA CONJUGADA 2DA DOSIS,Cohorte_4M,3217,3460.0,93.0
13119,Maipú,VACUNA NEUMOCOCICA CONJUGADA REFUERZO,Cohorte_12M,3444,3863.0,89.2
13119,Maipú,VACUNA NEUMOCOCICA POLISACARIDA,Neumococica_Polisacarida_65,2941,5656.0,52.0
13119,Maipú,VACUNA SRP (TRIVIRICA) 1RA DOSIS,Cohorte_12M,3460,3863.0,89.6
13119,Maipú,VACUNA SRP (TRIVIRICA) 2DA DOSIS,Cohorte_36M,2904,4092.0,71.0
13119,Maipú,VACUNA VARICELA 1RA DOSIS,Cohorte_18M,3530,4180.0,84.4
13119,Maipú,VACUNA VARICELA 2DA DOSIS,Cohorte_36M,2926,4092.0,71.5
13119,Maipú,VACUNA VPH 4 BASICO,VPH_4basico,5648,6519.0,86.6
13119,Maipú,VACUNA VPH 5 BASICO,VPH_5basico,4931,6417.0,76.8
13120,Ñuñoa,VACUNA BCG,BCG_RN,1863,1953.0,95.4
13120,Ñuñoa,VACUNA DTPA 1 BASICO,dTpa_1basico,2040,2147.0,95.0
13120,Ñuñoa,VACUNA DTPA 8 BASICO,dTpa_8basico,2313,2652.0,87.2
13120,Ñuñoa,VACUNA DTPA GESTANTES,dTpa_Gestantes,1871,2362.0,79.2
13120,Ñuñoa,VACUNA HEPATITIS A PEDIATRICA,Cohorte_18M,1698,2207.0,76.9
13120,Ñuñoa,VACUNA HEPATITIS B RN,HepB_RN,1827,1953.0,93.5
13120,Ñuñoa,VACUNA HEXAVALENTE 1RA DOSIS,Cohorte_2M,2028,2017.0,100.5
13120,Ñuñoa,VACUNA HEXAVALENTE 2DA DOSIS,Cohorte_4M,1971,1986.0,99.2
13120,Ñuñoa,VACUNA HEXAVALENTE 3RA DOSIS,Hexavalente_3d_6m,1951,1973.0,98.9
13120,Ñuñoa,VACUNA HEXAVALENTE REFUERZO,Hexavalente_ref_18m,2005,2207.0,90.8
13120,Ñuñoa,VACUNA MENINGOCOCICA CONJUGADA DOSIS UNICA,Cohorte_12M,1949,2032.0,95.9
13120,Ñuñoa,VACUNA MENINGOCOCICA RECOMBINANTE 1RA DOSIS,Cohorte_2M,2044,2017.0,101.3
13120,Ñuñoa,VACUNA MENINGOCOCICA RECOMBINANTE 2DA DOSIS,Cohorte_4M,1976,1986.0,99.5
13120,Ñuñoa,VACUNA MENINGOCOCICA RECOMBINANTE REFUERZO,Cohorte_18M,491,2207.0,22.2
13120,Ñuñoa,VACUNA NEUMOCOCICA CONJUGADA 1RA DOSIS,Cohorte_2M,2028,2017.0,100.5
13120,Ñuñoa,VACUNA NEUMOCOCICA CONJUGADA 2DA DOSIS,Cohorte_4M,1970,1986.0,99.2
13120,Ñuñoa,VACUNA NEUMOCOCICA CONJUGADA REFUERZO,Cohorte_12M,1984,2032.0,97.6
13120,Ñuñoa,VACUNA NEUMOCOCICA POLISACARIDA,Neumococica_Polisacarida_65,1296,2611.0,49.6
13120,Ñuñoa,VACUNA SRP (TRIVIRICA) 1RA DOSIS,Cohorte_12M,1985,2032.0,97.7
13120,Ñuñoa,VACUNA SRP (TRIVIRICA) 2DA DOSIS,Cohorte_36M,1605,2256.0,71.1
13120,Ñuñoa,VACUNA VARICELA 1RA DOSIS,Cohorte_18M,1993,2207.0,90.3
13120,Ñuñoa,VACUNA VARICELA 2DA DOSIS,Cohorte_36M,1609,2256.0,71.3
13120,Ñuñoa,VACUNA VPH 4 BASICO,VPH_4basico,2097,2320.0,90.4
13120,Ñuñoa,VACUNA VPH 5 BASICO,VPH_5basico,1899,2303.0,82.5
13121,Pedro Aguirre Cerda,VACUNA BCG,BCG_RN,578,687.0,84.1
13121,Pedro Aguirre Cerda,VACUNA DTPA 1 BASICO,dTpa_1basico,993,1140.0,87.1
13121,Pedro Aguirre Cerda,VACUNA DTPA 8 BASICO,dTpa_8basico,967,1223.0,79.1
13121,Pedro Aguirre Cerda,VACUNA DTPA GESTANTES,dTpa_Gestantes,663,906.0,73.2
13121,Pedro Aguirre Cerda,VACUNA HEPATITIS A PEDIATRICA,Cohorte_18M,933,911.0,102.4
13121,Pedro Aguirre Cerda,VACUNA HEPATITIS B RN,HepB_RN,568,687.0,82.7
13121,Pedro Aguirre Cerda,VACUNA HEXAVALENTE 1RA DOSIS,Cohorte_2M,686,661.0,103.8
13121,Pedro Aguirre Cerda,VACUNA HEXAVALENTE 2DA DOSIS,Cohorte_4M,687,656.0,104.7
13121,Pedro Aguirre Cerda,VACUNA HEXAVALENTE 3RA DOSIS,Hexavalente_3d_6m,712,674.0,105.6
13121,Pedro Aguirre Cerda,VACUNA HEXAVALENTE REFUERZO,Hexavalente_ref_18m,937,911.0,102.9
13121,Pedro Aguirre Cerda,VACUNA MENINGOCOCICA CONJUGADA DOSIS UNICA,Cohorte_12M,820,774.0,105.9
13121,Pedro Aguirre Cerda,VACUNA MENINGOCOCICA RECOMBINANTE 1RA DOSIS,Cohorte_2M,689,661.0,104.2
13121,Pedro Aguirre Cerda,VACUNA MENINGOCOCICA RECOMBINANTE 2DA DOSIS,Cohorte_4M,687,656.0,104.7
13121,Pedro Aguirre Cerda,VACUNA MENINGOCOCICA RECOMBINANTE REFUERZO,Cohorte_18M,148,911.0,16.2
13121,Pedro Aguirre Cerda,VACUNA NEUMOCOCICA CONJUGADA 1RA DOSIS,Cohorte_2M,686,661.0,103.8
13121,Pedro Aguirre Cerda,VACUNA NEUMOCOCICA CONJUGADA 2DA DOSIS,Cohorte_4M,685,656.0,104.4
13121,Pedro Aguirre Cerda,VACUNA NEUMOCOCICA CONJUGADA REFUERZO,Cohorte_12M,821,774.0,106.1
13121,Pedro Aguirre Cerda,VACUNA NEUMOCOCICA POLISACARIDA,Neumococica_Polisacarida_65,752,1216.0,61.8
13121,Pedro Aguirre Cerda,VACUNA SRP (TRIVIRICA) 1RA DOSIS,Cohorte_12M,825,774.0,106.6
13121,Pedro Aguirre Cerda,VACUNA SRP (TRIVIRICA) 2DA DOSIS,Cohorte_36M,799,865.0,92.4
13121,Pedro Aguirre Cerda,VACUNA VARICELA 1RA DOSIS,Cohorte_18M,939,911.0,103.1
13121,Pedro Aguirre Cerda,VACUNA VARICELA 2DA DOSIS,Cohorte_36M,814,865.0,94.1
13121,Pedro Aguirre Cerda,VACUNA VPH 4 BASICO,VPH_4basico,1075,1279.0,84.1
13121,Pedro Aguirre Cerda,VACUNA VPH 5 BASICO,VPH_5basico,927,1285.0,72.1
13122,Peñalolén,VACUNA BCG,BCG_RN,1523,1715.0,88.8
13122,Peñalolén,VACUNA DTPA 1 BASICO,dTpa_1basico,2167,2307.0,93.9
13122,Peñalolén,VACUNA DTPA 8 BASICO,dTpa_8basico,2593,2968.0,87.4
13122,Peñalolén,VACUNA DTPA GESTANTES,dTpa_Gestantes,1539,2031.0,75.8
13122,Peñalolén,VACUNA HEPATITIS A PEDIATRICA,Cohorte_18M,1895,2071.0,91.5
13122,Peñalolén,VACUNA HEPATITIS B RN,HepB_RN,1539,1715.0,89.7
13122,Peñalolén,VACUNA HEXAVALENTE 1RA DOSIS,Cohorte_2M,1769,1789.0,98.9
13122,Peñalolén,VACUNA HEXAVALENTE 2DA DOSIS,Cohorte_4M,1813,1843.0,98.4
13122,Peñalolén,VACUNA HEXAVALENTE 3RA DOSIS,Hexavalente_3d_6m,1850,1871.0,98.9
13122,Peñalolén,VACUNA HEXAVALENTE REFUERZO,Hexavalente_ref_18m,2068,2071.0,99.9
13122,Peñalolén,VACUNA MENINGOCOCICA CONJUGADA DOSIS UNICA,Cohorte_12M,1936,2002.0,96.7
13122,Peñalolén,VACUNA MENINGOCOCICA RECOMBINANTE 1RA DOSIS,Cohorte_2M,1774,1789.0,99.2
13122,Peñalolén,VACUNA MENINGOCOCICA RECOMBINANTE 2DA DOSIS,Cohorte_4M,1811,1843.0,98.3
13122,Peñalolén,VACUNA MENINGOCOCICA RECOMBINANTE REFUERZO,Cohorte_18M,349,2071.0,16.9
13122,Peñalolén,VACUNA NEUMOCOCICA CONJUGADA 1RA DOSIS,Cohorte_2M,1765,1789.0,98.7
13122,Peñalolén,VACUNA NEUMOCOCICA CONJUGADA 2DA DOSIS,Cohorte_4M,1808,1843.0,98.1
13122,Peñalolén,VACUNA NEUMOCOCICA CONJUGADA REFUERZO,Cohorte_12M,2009,2002.0,100.3
13122,Peñalolén,VACUNA NEUMOCOCICA POLISACARIDA,Neumococica_Polisacarida_65,995,2520.0,39.5
13122,Peñalolén,VACUNA SRP (TRIVIRICA) 1RA DOSIS,Cohorte_12M,2023,2002.0,101.0
13122,Peñalolén,VACUNA SRP (TRIVIRICA) 2DA DOSIS,Cohorte_36M,1708,1940.0,88.0
13122,Peñalolén,VACUNA VARICELA 1RA DOSIS,Cohorte_18M,2061,2071.0,99.5
13122,Peñalolén,VACUNA VARICELA 2DA DOSIS,Cohorte_36M,1727,1940.0,89.0
13122,Peñalolén,VACUNA VPH 4 BASICO,VPH_4basico,2584,2813.0,91.9
13122,Peñalolén,VACUNA VPH 5 BASICO,VPH_5basico,2131,2706.0,78.8
13123,Providencia,VACUNA BCG,BCG_RN,1204,1222.0,98.5
13123,Providencia,VACUNA DTPA 1 BASICO,dTpa_1basico,1484,1612.0,92.1
13123,Providencia,VACUNA DTPA 8 BASICO,dTpa_8basico,2032,2446.0,83.1
13123,Providencia,VACUNA DTPA GESTANTES,dTpa_Gestantes,1227,1521.0,80.7
13123,Providencia,VACUNA HEPATITIS A PEDIATRICA,Cohorte_18M,1033,1342.0,77.0
13123,Providencia,VACUNA HEPATITIS B RN,HepB_RN,1147,1222.0,93.9
13123,Providencia,VACUNA HEXAVALENTE 1RA DOSIS,Cohorte_2M,1287,1214.0,106.0
13123,Providencia,VACUNA HEXAVALENTE 2DA DOSIS,Cohorte_4M,1244,1243.0,100.1
13123,Providencia,VACUNA HEXAVALENTE 3RA DOSIS,Hexavalente_3d_6m,1233,1233.0,100.0
13123,Providencia,VACUNA HEXAVALENTE REFUERZO,Hexavalente_ref_18m,1208,1342.0,90.0
13123,Providencia,VACUNA MENINGOCOCICA CONJUGADA DOSIS UNICA,Cohorte_12M,1139,1279.0,89.1
13123,Providencia,VACUNA MENINGOCOCICA RECOMBINANTE 1RA DOSIS,Cohorte_2M,1290,1214.0,106.3
13123,Providencia,VACUNA MENINGOCOCICA RECOMBINANTE 2DA DOSIS,Cohorte_4M,1237,1243.0,99.5
13123,Providencia,VACUNA MENINGOCOCICA RECOMBINANTE REFUERZO,Cohorte_18M,271,1342.0,20.2
13123,Providencia,VACUNA NEUMOCOCICA CONJUGADA 1RA DOSIS,Cohorte_2M,1284,1214.0,105.8
13123,Providencia,VACUNA NEUMOCOCICA CONJUGADA 2DA DOSIS,Cohorte_4M,1231,1243.0,99.0
13123,Providencia,VACUNA NEUMOCOCICA CONJUGADA REFUERZO,Cohorte_12M,1188,1279.0,92.9
13123,Providencia,VACUNA NEUMOCOCICA POLISACARIDA,Neumococica_Polisacarida_65,692,1559.0,44.4
13123,Providencia,VACUNA SRP (TRIVIRICA) 1RA DOSIS,Cohorte_12M,1200,1279.0,93.8
13123,Providencia,VACUNA SRP (TRIVIRICA) 2DA DOSIS,Cohorte_36M,996,1453.0,68.5
13123,Providencia,VACUNA VARICELA 1RA DOSIS,Cohorte_18M,1205,1342.0,89.8
13123,Providencia,VACUNA VARICELA 2DA DOSIS,Cohorte_36M,1013,1453.0,69.7
13123,Providencia,VACUNA VPH 4 BASICO,VPH_4basico,1570,1833.0,85.7
13123,Providencia,VACUNA VPH 5 BASICO,VPH_5basico,1336,1810.0,73.8
13124,Pudahuel,VACUNA BCG,BCG_RN,1643,1654.0,99.3
13124,Pudahuel,VACUNA DTPA 1 BASICO,dTpa_1basico,2148,2396.0,89.6
13124,Pudahuel,VACUNA DTPA 8 BASICO,dTpa_8basico,2015,2402.0,83.9
13124,Pudahuel,VACUNA DTPA GESTANTES,dTpa_Gestantes,1585,2126.0,74.6
13124,Pudahuel,VACUNA HEPATITIS A PEDIATRICA,Cohorte_18M,1870,1991.0,93.9
13124,Pudahuel,VACUNA HEPATITIS B RN,HepB_RN,1648,1654.0,99.6
13124,Pudahuel,VACUNA HEXAVALENTE 1RA DOSIS,Cohorte_2M,1736,1708.0,101.6
13124,Pudahuel,VACUNA HEXAVALENTE 2DA DOSIS,Cohorte_4M,1787,1736.0,102.9
13124,Pudahuel,VACUNA HEXAVALENTE 3RA DOSIS,Hexavalente_3d_6m,1813,1767.0,102.6
13124,Pudahuel,VACUNA HEXAVALENTE REFUERZO,Hexavalente_ref_18m,1886,1991.0,94.7
13124,Pudahuel,VACUNA MENINGOCOCICA CONJUGADA DOSIS UNICA,Cohorte_12M,1826,1843.0,99.1
13124,Pudahuel,VACUNA MENINGOCOCICA RECOMBINANTE 1RA DOSIS,Cohorte_2M,1745,1708.0,102.2
13124,Pudahuel,VACUNA MENINGOCOCICA RECOMBINANTE 2DA DOSIS,Cohorte_4M,1788,1736.0,103.0
13124,Pudahuel,VACUNA MENINGOCOCICA RECOMBINANTE REFUERZO,Cohorte_18M,318,1991.0,16.0
13124,Pudahuel,VACUNA NEUMOCOCICA CONJUGADA 1RA DOSIS,Cohorte_2M,1737,1708.0,101.7
13124,Pudahuel,VACUNA NEUMOCOCICA CONJUGADA 2DA DOSIS,Cohorte_4M,1788,1736.0,103.0
13124,Pudahuel,VACUNA NEUMOCOCICA CONJUGADA REFUERZO,Cohorte_12M,1822,1843.0,98.9
13124,Pudahuel,VACUNA NEUMOCOCICA POLISACARIDA,Neumococica_Polisacarida_65,1576,2204.0,71.5
13124,Pudahuel,VACUNA SRP (TRIVIRICA) 1RA DOSIS,Cohorte_12M,1821,1843.0,98.8
13124,Pudahuel,VACUNA SRP (TRIVIRICA) 2DA DOSIS,Cohorte_36M,1662,2031.0,81.8
13124,Pudahuel,VACUNA VARICELA 1RA DOSIS,Cohorte_18M,1866,1991.0,93.7
13124,Pudahuel,VACUNA VARICELA 2DA DOSIS,Cohorte_36M,1676,2031.0,82.5
13124,Pudahuel,VACUNA VPH 4 BASICO,VPH_4basico,2184,2638.0,82.8
13124,Pudahuel,VACUNA VPH 5 BASICO,VPH_5basico,1928,2475.0,77.9
13125,Quilicura,VACUNA BCG,BCG_RN,1509,1665.0,90.6
13125,Quilicura,VACUNA DTPA 1 BASICO,dTpa_1basico,2416,2844.0,85.0
13125,Quilicura,VACUNA DTPA 8 BASICO,dTpa_8basico,2621,3167.0,82.8
13125,Quilicura,VACUNA DTPA GESTANTES,dTpa_Gestantes,1521,2237.0,68.0
13125,Quilicura,VACUNA HEPATITIS A PEDIATRICA,Cohorte_18M,2128,2157.0,98.7
13125,Quilicura,VACUNA HEPATITIS B RN,HepB_RN,1512,1665.0,90.8
13125,Quilicura,VACUNA HEXAVALENTE 1RA DOSIS,Cohorte_2M,1781,1704.0,104.5
13125,Quilicura,VACUNA HEXAVALENTE 2DA DOSIS,Cohorte_4M,1806,1752.0,103.1
13125,Quilicura,VACUNA HEXAVALENTE 3RA DOSIS,Hexavalente_3d_6m,1797,1790.0,100.4
13125,Quilicura,VACUNA HEXAVALENTE REFUERZO,Hexavalente_ref_18m,2121,2157.0,98.3
13125,Quilicura,VACUNA MENINGOCOCICA CONJUGADA DOSIS UNICA,Cohorte_12M,1934,1956.0,98.9
13125,Quilicura,VACUNA MENINGOCOCICA RECOMBINANTE 1RA DOSIS,Cohorte_2M,1797,1704.0,105.5
13125,Quilicura,VACUNA MENINGOCOCICA RECOMBINANTE 2DA DOSIS,Cohorte_4M,1800,1752.0,102.7
13125,Quilicura,VACUNA MENINGOCOCICA RECOMBINANTE REFUERZO,Cohorte_18M,310,2157.0,14.4
13125,Quilicura,VACUNA NEUMOCOCICA CONJUGADA 1RA DOSIS,Cohorte_2M,1787,1704.0,104.9
13125,Quilicura,VACUNA NEUMOCOCICA CONJUGADA 2DA DOSIS,Cohorte_4M,1807,1752.0,103.1
13125,Quilicura,VACUNA NEUMOCOCICA CONJUGADA REFUERZO,Cohorte_12M,1929,1956.0,98.6
13125,Quilicura,VACUNA NEUMOCOCICA POLISACARIDA,Neumococica_Polisacarida_65,861,1805.0,47.7
13125,Quilicura,VACUNA SRP (TRIVIRICA) 1RA DOSIS,Cohorte_12M,1948,1956.0,99.6
13125,Quilicura,VACUNA SRP (TRIVIRICA) 2DA DOSIS,Cohorte_36M,1741,2137.0,81.5
13125,Quilicura,VACUNA VARICELA 1RA DOSIS,Cohorte_18M,2129,2157.0,98.7
13125,Quilicura,VACUNA VARICELA 2DA DOSIS,Cohorte_36M,1753,2137.0,82.0
13125,Quilicura,VACUNA VPH 4 BASICO,VPH_4basico,2624,3092.0,84.9
13125,Quilicura,VACUNA VPH 5 BASICO,VPH_5basico,2229,3123.0,71.4
13126,Quinta Normal,VACUNA BCG,BCG_RN,968,1100.0,88.0
13126,Quinta Normal,VACUNA DTPA 1 BASICO,dTpa_1basico,1425,1800.0,79.2
13126,Quinta Normal,VACUNA DTPA 8 BASICO,dTpa_8basico,1452,1848.0,78.6
13126,Quinta Normal,VACUNA DTPA GESTANTES,dTpa_Gestantes,894,1388.0,64.4
13126,Quinta Normal,VACUNA HEPATITIS A PEDIATRICA,Cohorte_18M,959,1365.0,70.3
13126,Quinta Normal,VACUNA HEPATITIS B RN,HepB_RN,958,1100.0,87.1
13126,Quinta Normal,VACUNA HEXAVALENTE 1RA DOSIS,Cohorte_2M,951,1115.0,85.3
13126,Quinta Normal,VACUNA HEXAVALENTE 2DA DOSIS,Cohorte_4M,988,1172.0,84.3
13126,Quinta Normal,VACUNA HEXAVALENTE 3RA DOSIS,Hexavalente_3d_6m,1002,1198.0,83.6
13126,Quinta Normal,VACUNA HEXAVALENTE REFUERZO,Hexavalente_ref_18m,957,1365.0,70.1
13126,Quinta Normal,VACUNA MENINGOCOCICA CONJUGADA DOSIS UNICA,Cohorte_12M,1043,1277.0,81.7
13126,Quinta Normal,VACUNA MENINGOCOCICA RECOMBINANTE 1RA DOSIS,Cohorte_2M,977,1115.0,87.6
13126,Quinta Normal,VACUNA MENINGOCOCICA RECOMBINANTE 2DA DOSIS,Cohorte_4M,1005,1172.0,85.8
13126,Quinta Normal,VACUNA MENINGOCOCICA RECOMBINANTE REFUERZO,Cohorte_18M,136,1365.0,10.0
13126,Quinta Normal,VACUNA NEUMOCOCICA CONJUGADA 1RA DOSIS,Cohorte_2M,957,1115.0,85.8
13126,Quinta Normal,VACUNA NEUMOCOCICA CONJUGADA 2DA DOSIS,Cohorte_4M,991,1172.0,84.6
13126,Quinta Normal,VACUNA NEUMOCOCICA CONJUGADA REFUERZO,Cohorte_12M,1023,1277.0,80.1
13126,Quinta Normal,VACUNA NEUMOCOCICA POLISACARIDA,Neumococica_Polisacarida_65,516,1415.0,36.5
13126,Quinta Normal,VACUNA SRP (TRIVIRICA) 1RA DOSIS,Cohorte_12M,1032,1277.0,80.8
13126,Quinta Normal,VACUNA SRP (TRIVIRICA) 2DA DOSIS,Cohorte_36M,766,1326.0,57.8
13126,Quinta Normal,VACUNA VARICELA 1RA DOSIS,Cohorte_18M,950,1365.0,69.6
13126,Quinta Normal,VACUNA VARICELA 2DA DOSIS,Cohorte_36M,774,1326.0,58.4
13126,Quinta Normal,VACUNA VPH 4 BASICO,VPH_4basico,1549,1936.0,80.0
13126,Quinta Normal,VACUNA VPH 5 BASICO,VPH_5basico,1348,1936.0,69.6
13127,Recoleta,VACUNA BCG,BCG_RN,1018,1254.0,81.2
13127,Recoleta,VACUNA DTPA 1 BASICO,dTpa_1basico,1820,2064.0,88.2
13127,Recoleta,VACUNA DTPA 8 BASICO,dTpa_8basico,1918,2280.0,84.1
13127,Recoleta,VACUNA DTPA GESTANTES,dTpa_Gestantes,1200,1674.0,71.7
13127,Recoleta,VACUNA HEPATITIS A PEDIATRICA,Cohorte_18M,1377,1538.0,89.5
13127,Recoleta,VACUNA HEPATITIS B RN,HepB_RN,1014,1254.0,80.9
13127,Recoleta,VACUNA HEXAVALENTE 1RA DOSIS,Cohorte_2M,1373,1289.0,106.5
13127,Recoleta,VACUNA HEXAVALENTE 2DA DOSIS,Cohorte_4M,1337,1326.0,100.8
13127,Recoleta,VACUNA HEXAVALENTE 3RA DOSIS,Hexavalente_3d_6m,1312,1341.0,97.8
13127,Recoleta,VACUNA HEXAVALENTE REFUERZO,Hexavalente_ref_18m,1372,1538.0,89.2
13127,Recoleta,VACUNA MENINGOCOCICA CONJUGADA DOSIS UNICA,Cohorte_12M,1320,1428.0,92.4
13127,Recoleta,VACUNA MENINGOCOCICA RECOMBINANTE 1RA DOSIS,Cohorte_2M,1400,1289.0,108.6
13127,Recoleta,VACUNA MENINGOCOCICA RECOMBINANTE 2DA DOSIS,Cohorte_4M,1366,1326.0,103.0
13127,Recoleta,VACUNA MENINGOCOCICA RECOMBINANTE REFUERZO,Cohorte_18M,196,1538.0,12.7
13127,Recoleta,VACUNA NEUMOCOCICA CONJUGADA 1RA DOSIS,Cohorte_2M,1373,1289.0,106.5
13127,Recoleta,VACUNA NEUMOCOCICA CONJUGADA 2DA DOSIS,Cohorte_4M,1342,1326.0,101.2
13127,Recoleta,VACUNA NEUMOCOCICA CONJUGADA REFUERZO,Cohorte_12M,1297,1428.0,90.8
13127,Recoleta,VACUNA NEUMOCOCICA POLISACARIDA,Neumococica_Polisacarida_65,838,2036.0,41.2
13127,Recoleta,VACUNA SRP (TRIVIRICA) 1RA DOSIS,Cohorte_12M,1303,1428.0,91.2
13127,Recoleta,VACUNA SRP (TRIVIRICA) 2DA DOSIS,Cohorte_36M,1149,1599.0,71.9
13127,Recoleta,VACUNA VARICELA 1RA DOSIS,Cohorte_18M,1361,1538.0,88.5
13127,Recoleta,VACUNA VARICELA 2DA DOSIS,Cohorte_36M,1184,1599.0,74.0
13127,Recoleta,VACUNA VPH 4 BASICO,VPH_4basico,2028,2299.0,88.2
13127,Recoleta,VACUNA VPH 5 BASICO,VPH_5basico,1695,2243.0,75.6
13128,Renca,VACUNA BCG,BCG_RN,1162,1249.0,93.0
13128,Renca,VACUNA DTPA 1 BASICO,dTpa_1basico,1506,1662.0,90.6
13128,Renca,VACUNA DTPA 8 BASICO,dTpa_8basico,1404,1853.0,75.8
13128,Renca,VACUNA DTPA GESTANTES,dTpa_Gestantes,1098,1591.0,69.0
13128,Renca,VACUNA HEPATITIS A PEDIATRICA,Cohorte_18M,1356,1518.0,89.3
13128,Renca,VACUNA HEPATITIS B RN,HepB_RN,1162,1249.0,93.0
13128,Renca,VACUNA HEXAVALENTE 1RA DOSIS,Cohorte_2M,1247,1280.0,97.4
13128,Renca,VACUNA HEXAVALENTE 2DA DOSIS,Cohorte_4M,1285,1335.0,96.3
13128,Renca,VACUNA HEXAVALENTE 3RA DOSIS,Hexavalente_3d_6m,1255,1312.0,95.7
13128,Renca,VACUNA HEXAVALENTE REFUERZO,Hexavalente_ref_18m,1362,1518.0,89.7
13128,Renca,VACUNA MENINGOCOCICA CONJUGADA DOSIS UNICA,Cohorte_12M,1302,1430.0,91.0
13128,Renca,VACUNA MENINGOCOCICA RECOMBINANTE 1RA DOSIS,Cohorte_2M,1254,1280.0,98.0
13128,Renca,VACUNA MENINGOCOCICA RECOMBINANTE 2DA DOSIS,Cohorte_4M,1291,1335.0,96.7
13128,Renca,VACUNA MENINGOCOCICA RECOMBINANTE REFUERZO,Cohorte_18M,214,1518.0,14.1
13128,Renca,VACUNA NEUMOCOCICA CONJUGADA 1RA DOSIS,Cohorte_2M,1252,1280.0,97.8
13128,Renca,VACUNA NEUMOCOCICA CONJUGADA 2DA DOSIS,Cohorte_4M,1289,1335.0,96.6
13128,Renca,VACUNA NEUMOCOCICA CONJUGADA REFUERZO,Cohorte_12M,1307,1430.0,91.4
13128,Renca,VACUNA NEUMOCOCICA POLISACARIDA,Neumococica_Polisacarida_65,755,1571.0,48.1
13128,Renca,VACUNA SRP (TRIVIRICA) 1RA DOSIS,Cohorte_12M,1318,1430.0,92.2
13128,Renca,VACUNA SRP (TRIVIRICA) 2DA DOSIS,Cohorte_36M,1138,1520.0,74.9
13128,Renca,VACUNA VARICELA 1RA DOSIS,Cohorte_18M,1360,1518.0,89.6
13128,Renca,VACUNA VARICELA 2DA DOSIS,Cohorte_36M,1220,1520.0,80.3
13128,Renca,VACUNA VPH 4 BASICO,VPH_4basico,1596,1889.0,84.5
13128,Renca,VACUNA VPH 5 BASICO,VPH_5basico,1216,1679.0,72.4
13129,San Joaquín,VACUNA BCG,BCG_RN,566,673.0,84.1
13129,San Joaquín,VACUNA DTPA 1 BASICO,dTpa_1basico,759,780.0,97.3
13129,San Joaquín,VACUNA DTPA 8 BASICO,dTpa_8basico,766,807.0,94.9
13129,San Joaquín,VACUNA DTPA GESTANTES,dTpa_Gestantes,606,857.0,70.7
13129,San Joaquín,VACUNA HEPATITIS A PEDIATRICA,Cohorte_18M,752,844.0,89.1
13129,San Joaquín,VACUNA HEPATITIS B RN,HepB_RN,564,673.0,83.8
13129,San Joaquín,VACUNA HEXAVALENTE 1RA DOSIS,Cohorte_2M,703,715.0,98.3
13129,San Joaquín,VACUNA HEXAVALENTE 2DA DOSIS,Cohorte_4M,698,711.0,98.2
13129,San Joaquín,VACUNA HEXAVALENTE 3RA DOSIS,Hexavalente_3d_6m,720,724.0,99.4
13129,San Joaquín,VACUNA HEXAVALENTE REFUERZO,Hexavalente_ref_18m,749,844.0,88.7
13129,San Joaquín,VACUNA MENINGOCOCICA CONJUGADA DOSIS UNICA,Cohorte_12M,733,766.0,95.7
13129,San Joaquín,VACUNA MENINGOCOCICA RECOMBINANTE 1RA DOSIS,Cohorte_2M,713,715.0,99.7
13129,San Joaquín,VACUNA MENINGOCOCICA RECOMBINANTE 2DA DOSIS,Cohorte_4M,699,711.0,98.3
13129,San Joaquín,VACUNA MENINGOCOCICA RECOMBINANTE REFUERZO,Cohorte_18M,105,844.0,12.4
13129,San Joaquín,VACUNA NEUMOCOCICA CONJUGADA 1RA DOSIS,Cohorte_2M,707,715.0,98.9
13129,San Joaquín,VACUNA NEUMOCOCICA CONJUGADA 2DA DOSIS,Cohorte_4M,699,711.0,98.3
13129,San Joaquín,VACUNA NEUMOCOCICA CONJUGADA REFUERZO,Cohorte_12M,724,766.0,94.5
13129,San Joaquín,VACUNA NEUMOCOCICA POLISACARIDA,Neumococica_Polisacarida_65,587,1097.0,53.5
13129,San Joaquín,VACUNA SRP (TRIVIRICA) 1RA DOSIS,Cohorte_12M,726,766.0,94.8
13129,San Joaquín,VACUNA SRP (TRIVIRICA) 2DA DOSIS,Cohorte_36M,627,819.0,76.6
13129,San Joaquín,VACUNA VARICELA 1RA DOSIS,Cohorte_18M,746,844.0,88.4
13129,San Joaquín,VACUNA VARICELA 2DA DOSIS,Cohorte_36M,650,819.0,79.4
13129,San Joaquín,VACUNA VPH 4 BASICO,VPH_4basico,756,837.0,90.3
13129,San Joaquín,VACUNA VPH 5 BASICO,VPH_5basico,634,791.0,80.2
13130,San Miguel,VACUNA BCG,BCG_RN,1213,1422.0,85.3
13130,San Miguel,VACUNA DTPA 1 BASICO,dTpa_1basico,1509,1572.0,96.0
13130,San Miguel,VACUNA DTPA 8 BASICO,dTpa_8basico,1599,1730.0,92.4
13130,San Miguel,VACUNA DTPA GESTANTES,dTpa_Gestantes,1775,1793.0,99.0
13130,San Miguel,VACUNA HEPATITIS A PEDIATRICA,Cohorte_18M,1386,1814.0,76.4
13130,San Miguel,VACUNA HEPATITIS B RN,HepB_RN,1203,1422.0,84.6
13130,San Miguel,VACUNA HEXAVALENTE 1RA DOSIS,Cohorte_2M,1342,1451.0,92.5
13130,San Miguel,VACUNA HEXAVALENTE 2DA DOSIS,Cohorte_4M,1350,1501.0,89.9
13130,San Miguel,VACUNA HEXAVALENTE 3RA DOSIS,Hexavalente_3d_6m,1380,1533.0,90.0
13130,San Miguel,VACUNA HEXAVALENTE REFUERZO,Hexavalente_ref_18m,1438,1814.0,79.3
13130,San Miguel,VACUNA MENINGOCOCICA CONJUGADA DOSIS UNICA,Cohorte_12M,1457,1742.0,83.6
13130,San Miguel,VACUNA MENINGOCOCICA RECOMBINANTE 1RA DOSIS,Cohorte_2M,1346,1451.0,92.8
13130,San Miguel,VACUNA MENINGOCOCICA RECOMBINANTE 2DA DOSIS,Cohorte_4M,1352,1501.0,90.1
13130,San Miguel,VACUNA MENINGOCOCICA RECOMBINANTE REFUERZO,Cohorte_18M,192,1814.0,10.6
13130,San Miguel,VACUNA NEUMOCOCICA CONJUGADA 1RA DOSIS,Cohorte_2M,1347,1451.0,92.8
13130,San Miguel,VACUNA NEUMOCOCICA CONJUGADA 2DA DOSIS,Cohorte_4M,1352,1501.0,90.1
13130,San Miguel,VACUNA NEUMOCOCICA CONJUGADA REFUERZO,Cohorte_12M,1461,1742.0,83.9
13130,San Miguel,VACUNA NEUMOCOCICA POLISACARIDA,Neumococica_Polisacarida_65,721,1331.0,54.2
13130,San Miguel,VACUNA SRP (TRIVIRICA) 1RA DOSIS,Cohorte_12M,1459,1742.0,83.8
13130,San Miguel,VACUNA SRP (TRIVIRICA) 2DA DOSIS,Cohorte_36M,1033,1713.0,60.3
13130,San Miguel,VACUNA VARICELA 1RA DOSIS,Cohorte_18M,1437,1814.0,79.2
13130,San Miguel,VACUNA VARICELA 2DA DOSIS,Cohorte_36M,1061,1713.0,61.9
13130,San Miguel,VACUNA VPH 4 BASICO,VPH_4basico,1535,1628.0,94.3
13130,San Miguel,VACUNA VPH 5 BASICO,VPH_5basico,1281,1572.0,81.5
13131,San Ramón,VACUNA BCG,BCG_RN,514,608.0,84.5
13131,San Ramón,VACUNA DTPA 1 BASICO,dTpa_1basico,792,864.0,91.7
13131,San Ramón,VACUNA DTPA 8 BASICO,dTpa_8basico,982,1105.0,88.9
13131,San Ramón,VACUNA DTPA GESTANTES,dTpa_Gestantes,516,806.0,64.0
13131,San Ramón,VACUNA HEPATITIS A PEDIATRICA,Cohorte_18M,651,770.0,84.5
13131,San Ramón,VACUNA HEPATITIS B RN,HepB_RN,523,608.0,86.0
13131,San Ramón,VACUNA HEXAVALENTE 1RA DOSIS,Cohorte_2M,548,625.0,87.7
13131,San Ramón,VACUNA HEXAVALENTE 2DA DOSIS,Cohorte_4M,556,614.0,90.6
13131,San Ramón,VACUNA HEXAVALENTE 3RA DOSIS,Hexavalente_3d_6m,558,629.0,88.7
13131,San Ramón,VACUNA HEXAVALENTE REFUERZO,Hexavalente_ref_18m,649,770.0,84.3
13131,San Ramón,VACUNA MENINGOCOCICA CONJUGADA DOSIS UNICA,Cohorte_12M,615,708.0,86.9
13131,San Ramón,VACUNA MENINGOCOCICA RECOMBINANTE 1RA DOSIS,Cohorte_2M,552,625.0,88.3
13131,San Ramón,VACUNA MENINGOCOCICA RECOMBINANTE 2DA DOSIS,Cohorte_4M,556,614.0,90.6
13131,San Ramón,VACUNA MENINGOCOCICA RECOMBINANTE REFUERZO,Cohorte_18M,103,770.0,13.4
13131,San Ramón,VACUNA NEUMOCOCICA CONJUGADA 1RA DOSIS,Cohorte_2M,548,625.0,87.7
13131,San Ramón,VACUNA NEUMOCOCICA CONJUGADA 2DA DOSIS,Cohorte_4M,554,614.0,90.2
13131,San Ramón,VACUNA NEUMOCOCICA CONJUGADA REFUERZO,Cohorte_12M,615,708.0,86.9
13131,San Ramón,VACUNA NEUMOCOCICA POLISACARIDA,Neumococica_Polisacarida_65,346,862.0,40.1
13131,San Ramón,VACUNA SRP (TRIVIRICA) 1RA DOSIS,Cohorte_12M,617,708.0,87.1
13131,San Ramón,VACUNA SRP (TRIVIRICA) 2DA DOSIS,Cohorte_36M,595,770.0,77.3
13131,San Ramón,VACUNA VARICELA 1RA DOSIS,Cohorte_18M,646,770.0,83.9
13131,San Ramón,VACUNA VARICELA 2DA DOSIS,Cohorte_36M,590,770.0,76.6
13131,San Ramón,VACUNA VPH 4 BASICO,VPH_4basico,965,1106.0,87.3
13131,San Ramón,VACUNA VPH 5 BASICO,VPH_5basico,872,1071.0,81.4
13132,Vitacura,VACUNA BCG,BCG_RN,1104,1112.0,99.3
13132,Vitacura,VACUNA DTPA 1 BASICO,dTpa_1basico,1457,1265.0,115.2
13132,Vitacura,VACUNA DTPA 8 BASICO,dTpa_8basico,1306,1258.0,103.8
13132,Vitacura,VACUNA DTPA GESTANTES,dTpa_Gestantes,913,1341.0,68.1
13132,Vitacura,VACUNA HEPATITIS A PEDIATRICA,Cohorte_18M,645,1028.0,62.7
13132,Vitacura,VACUNA HEPATITIS B RN,HepB_RN,1214,1112.0,109.2
13132,Vitacura,VACUNA HEXAVALENTE 1RA DOSIS,Cohorte_2M,965,1110.0,86.9
13132,Vitacura,VACUNA HEXAVALENTE 2DA DOSIS,Cohorte_4M,959,1112.0,86.2
13132,Vitacura,VACUNA HEXAVALENTE 3RA DOSIS,Hexavalente_3d_6m,945,1122.0,84.2
13132,Vitacura,VACUNA HEXAVALENTE REFUERZO,Hexavalente_ref_18m,832,1028.0,80.9
13132,Vitacura,VACUNA MENINGOCOCICA CONJUGADA DOSIS UNICA,Cohorte_12M,870,1079.0,80.6
13132,Vitacura,VACUNA MENINGOCOCICA RECOMBINANTE 1RA DOSIS,Cohorte_2M,1000,1110.0,90.1
13132,Vitacura,VACUNA MENINGOCOCICA RECOMBINANTE 2DA DOSIS,Cohorte_4M,975,1112.0,87.7
13132,Vitacura,VACUNA MENINGOCOCICA RECOMBINANTE REFUERZO,Cohorte_18M,184,1028.0,17.9
13132,Vitacura,VACUNA NEUMOCOCICA CONJUGADA 1RA DOSIS,Cohorte_2M,959,1110.0,86.4
13132,Vitacura,VACUNA NEUMOCOCICA CONJUGADA 2DA DOSIS,Cohorte_4M,957,1112.0,86.1
13132,Vitacura,VACUNA NEUMOCOCICA CONJUGADA REFUERZO,Cohorte_12M,888,1079.0,82.3
13132,Vitacura,VACUNA NEUMOCOCICA POLISACARIDA,Neumococica_Polisacarida_65,623,1109.0,56.2
13132,Vitacura,VACUNA SRP (TRIVIRICA) 1RA DOSIS,Cohorte_12M,905,1079.0,83.9
13132,Vitacura,VACUNA SRP (TRIVIRICA) 2DA DOSIS,Cohorte_36M,868,1281.0,67.8
13132,Vitacura,VACUNA VARICELA 1RA DOSIS,Cohorte_18M,830,1028.0,80.7
13132,Vitacura,VACUNA VARICELA 2DA DOSIS,Cohorte_36M,888,1281.0,69.3
13132,Vitacura,VACUNA VPH 4 BASICO,VPH_4basico,1407,1448.0,97.2
13132,Vitacura,VACUNA VPH 5 BASICO,VPH_5basico,1279,1395.0,91.7
13201,Puente Alto,VACUNA BCG,BCG_RN,4151,4277.0,97.1
13201,Puente Alto,VACUNA DTPA 1 BASICO,dTpa_1basico,5722,6274.0,91.2
13201,Puente Alto,VACUNA DTPA 8 BASICO,dTpa_8basico,6456,7506.0,86.0
13201,Puente Alto,VACUNA DTPA GESTANTES,dTpa_Gestantes,3648,5308.0,68.7
13201,Puente Alto,VACUNA HEPATITIS A PEDIATRICA,Cohorte_18M,4119,5070.0,81.2
13201,Puente Alto,VACUNA HEPATITIS B RN,HepB_RN,4152,4277.0,97.1
13201,Puente Alto,VACUNA HEXAVALENTE 1RA DOSIS,Cohorte_2M,3965,4372.0,90.7
13201,Puente Alto,VACUNA HEXAVALENTE 2DA DOSIS,Cohorte_4M,3998,4454.0,89.8
13201,Puente Alto,VACUNA HEXAVALENTE 3RA DOSIS,Hexavalente_3d_6m,3982,4520.0,88.1
13201,Puente Alto,VACUNA HEXAVALENTE REFUERZO,Hexavalente_ref_18m,4153,5070.0,81.9
13201,Puente Alto,VACUNA MENINGOCOCICA CONJUGADA DOSIS UNICA,Cohorte_12M,4033,4763.0,84.7
13201,Puente Alto,VACUNA MENINGOCOCICA RECOMBINANTE 1RA DOSIS,Cohorte_2M,3964,4372.0,90.7
13201,Puente Alto,VACUNA MENINGOCOCICA RECOMBINANTE 2DA DOSIS,Cohorte_4M,3984,4454.0,89.4
13201,Puente Alto,VACUNA MENINGOCOCICA RECOMBINANTE REFUERZO,Cohorte_18M,661,5070.0,13.0
13201,Puente Alto,VACUNA NEUMOCOCICA CONJUGADA 1RA DOSIS,Cohorte_2M,3968,4372.0,90.8
13201,Puente Alto,VACUNA NEUMOCOCICA CONJUGADA 2DA DOSIS,Cohorte_4M,3996,4454.0,89.7
13201,Puente Alto,VACUNA NEUMOCOCICA CONJUGADA REFUERZO,Cohorte_12M,4091,4763.0,85.9
13201,Puente Alto,VACUNA NEUMOCOCICA POLISACARIDA,Neumococica_Polisacarida_65,2354,5629.0,41.8
13201,Puente Alto,VACUNA SRP (TRIVIRICA) 1RA DOSIS,Cohorte_12M,4122,4763.0,86.5
13201,Puente Alto,VACUNA SRP (TRIVIRICA) 2DA DOSIS,Cohorte_36M,3709,5070.0,73.2
13201,Puente Alto,VACUNA VARICELA 1RA DOSIS,Cohorte_18M,4136,5070.0,81.6
13201,Puente Alto,VACUNA VARICELA 2DA DOSIS,Cohorte_36M,3692,5070.0,72.8
13201,Puente Alto,VACUNA VPH 4 BASICO,VPH_4basico,6466,7412.0,87.2
13201,Puente Alto,VACUNA VPH 5 BASICO,VPH_5basico,5317,7045.0,75.5
13202,Pirque,VACUNA BCG,BCG_RN,202,262.0,77.1
13202,Pirque,VACUNA DTPA 1 BASICO,dTpa_1basico,323,307.0,105.2
13202,Pirque,VACUNA DTPA 8 BASICO,dTpa_8basico,273,296.0,92.2
13202,Pirque,VACUNA DTPA GESTANTES,dTpa_Gestantes,214,283.0,75.6
13202,Pirque,VACUNA HEPATITIS A PEDIATRICA,Cohorte_18M,254,269.0,94.4
13202,Pirque,VACUNA HEPATITIS B RN,HepB_RN,216,262.0,82.4
13202,Pirque,VACUNA HEXAVALENTE 1RA DOSIS,Cohorte_2M,268,281.0,95.4
13202,Pirque,VACUNA HEXAVALENTE 2DA DOSIS,Cohorte_4M,275,291.0,94.5
13202,Pirque,VACUNA HEXAVALENTE 3RA DOSIS,Hexavalente_3d_6m,273,290.0,94.1
13202,Pirque,VACUNA HEXAVALENTE REFUERZO,Hexavalente_ref_18m,272,269.0,101.1
13202,Pirque,VACUNA MENINGOCOCICA CONJUGADA DOSIS UNICA,Cohorte_12M,267,300.0,89.0
13202,Pirque,VACUNA MENINGOCOCICA RECOMBINANTE 1RA DOSIS,Cohorte_2M,268,281.0,95.4
13202,Pirque,VACUNA MENINGOCOCICA RECOMBINANTE 2DA DOSIS,Cohorte_4M,276,291.0,94.8
13202,Pirque,VACUNA MENINGOCOCICA RECOMBINANTE REFUERZO,Cohorte_18M,50,269.0,18.6
13202,Pirque,VACUNA NEUMOCOCICA CONJUGADA 1RA DOSIS,Cohorte_2M,268,281.0,95.4
13202,Pirque,VACUNA NEUMOCOCICA CONJUGADA 2DA DOSIS,Cohorte_4M,276,291.0,94.8
13202,Pirque,VACUNA NEUMOCOCICA CONJUGADA REFUERZO,Cohorte_12M,285,300.0,95.0
13202,Pirque,VACUNA NEUMOCOCICA POLISACARIDA,Neumococica_Polisacarida_65,235,317.0,74.1
13202,Pirque,VACUNA SRP (TRIVIRICA) 1RA DOSIS,Cohorte_12M,287,300.0,95.7
13202,Pirque,VACUNA SRP (TRIVIRICA) 2DA DOSIS,Cohorte_36M,250,270.0,92.6
13202,Pirque,VACUNA VARICELA 1RA DOSIS,Cohorte_18M,272,269.0,101.1
13202,Pirque,VACUNA VARICELA 2DA DOSIS,Cohorte_36M,247,270.0,91.5
13202,Pirque,VACUNA VPH 4 BASICO,VPH_4basico,339,355.0,95.5
13202,Pirque,VACUNA VPH 5 BASICO,VPH_5basico,267,328.0,81.4
13203,San José de Maipo,VACUNA BCG,BCG_RN,98,125.0,78.4
13203,San José de Maipo,VACUNA DTPA 1 BASICO,dTpa_1basico,157,167.0,94.0
13203,San José de Maipo,VACUNA DTPA 8 BASICO,dTpa_8basico,146,195.0,74.9
13203,San José de Maipo,VACUNA DTPA GESTANTES,dTpa_Gestantes,196,160.0,122.5
13203,San José de Maipo,VACUNA HEPATITIS A PEDIATRICA,Cohorte_18M,129,129.0,100.0
13203,San José de Maipo,VACUNA HEPATITIS B RN,HepB_RN,103,125.0,82.4
13203,San José de Maipo,VACUNA HEXAVALENTE 1RA DOSIS,Cohorte_2M,139,128.0,108.6
13203,San José de Maipo,VACUNA HEXAVALENTE 2DA DOSIS,Cohorte_4M,139,122.0,113.9
13203,San José de Maipo,VACUNA HEXAVALENTE 3RA DOSIS,Hexavalente_3d_6m,139,123.0,113.0
13203,San José de Maipo,VACUNA HEXAVALENTE REFUERZO,Hexavalente_ref_18m,130,129.0,100.8
13203,San José de Maipo,VACUNA MENINGOCOCICA CONJUGADA DOSIS UNICA,Cohorte_12M,126,118.0,106.8
13203,San José de Maipo,VACUNA MENINGOCOCICA RECOMBINANTE 1RA DOSIS,Cohorte_2M,138,128.0,107.8
13203,San José de Maipo,VACUNA MENINGOCOCICA RECOMBINANTE 2DA DOSIS,Cohorte_4M,137,122.0,112.3
13203,San José de Maipo,VACUNA MENINGOCOCICA RECOMBINANTE REFUERZO,Cohorte_18M,12,129.0,9.3
13203,San José de Maipo,VACUNA NEUMOCOCICA CONJUGADA 1RA DOSIS,Cohorte_2M,139,128.0,108.6
13203,San José de Maipo,VACUNA NEUMOCOCICA CONJUGADA 2DA DOSIS,Cohorte_4M,140,122.0,114.8
13203,San José de Maipo,VACUNA NEUMOCOCICA CONJUGADA REFUERZO,Cohorte_12M,129,118.0,109.3
13203,San José de Maipo,VACUNA NEUMOCOCICA POLISACARIDA,Neumococica_Polisacarida_65,79,190.0,41.6
13203,San José de Maipo,VACUNA SRP (TRIVIRICA) 1RA DOSIS,Cohorte_12M,131,118.0,111.0
13203,San José de Maipo,VACUNA SRP (TRIVIRICA) 2DA DOSIS,Cohorte_36M,150,153.0,98.0
13203,San José de Maipo,VACUNA VARICELA 1RA DOSIS,Cohorte_18M,128,129.0,99.2
13203,San José de Maipo,VACUNA VARICELA 2DA DOSIS,Cohorte_36M,149,153.0,97.4
13203,San José de Maipo,VACUNA VPH 4 BASICO,VPH_4basico,174,189.0,92.1
13203,San José de Maipo,VACUNA VPH 5 BASICO,VPH_5basico,121,180.0,67.2
13301,Colina,VACUNA BCG,BCG_RN,1604,1816.0,88.3
13301,Colina,VACUNA DTPA 1 BASICO,dTpa_1basico,2561,2728.0,93.9
13301,Colina,VACUNA DTPA 8 BASICO,dTpa_8basico,2717,3100.0,87.6
13301,Colina,VACUNA DTPA GESTANTES,dTpa_Gestantes,1611,2185.0,73.7
13301,Colina,VACUNA HEPATITIS A PEDIATRICA,Cohorte_18M,2170,2130.0,101.9
13301,Colina,VACUNA HEPATITIS B RN,HepB_RN,1566,1816.0,86.2
13301,Colina,VACUNA HEXAVALENTE 1RA DOSIS,Cohorte_2M,1866,1823.0,102.4
13301,Colina,VACUNA HEXAVALENTE 2DA DOSIS,Cohorte_4M,1933,1866.0,103.6
13301,Colina,VACUNA HEXAVALENTE 3RA DOSIS,Hexavalente_3d_6m,2015,1915.0,105.2
13301,Colina,VACUNA HEXAVALENTE REFUERZO,Hexavalente_ref_18m,2196,2130.0,103.1
13301,Colina,VACUNA MENINGOCOCICA CONJUGADA DOSIS UNICA,Cohorte_12M,2155,2064.0,104.4
13301,Colina,VACUNA MENINGOCOCICA RECOMBINANTE 1RA DOSIS,Cohorte_2M,1888,1823.0,103.6
13301,Colina,VACUNA MENINGOCOCICA RECOMBINANTE 2DA DOSIS,Cohorte_4M,1940,1866.0,104.0
13301,Colina,VACUNA MENINGOCOCICA RECOMBINANTE REFUERZO,Cohorte_18M,497,2130.0,23.3
13301,Colina,VACUNA NEUMOCOCICA CONJUGADA 1RA DOSIS,Cohorte_2M,1864,1823.0,102.2
13301,Colina,VACUNA NEUMOCOCICA CONJUGADA 2DA DOSIS,Cohorte_4M,1930,1866.0,103.4
13301,Colina,VACUNA NEUMOCOCICA CONJUGADA REFUERZO,Cohorte_12M,2157,2064.0,104.5
13301,Colina,VACUNA NEUMOCOCICA POLISACARIDA,Neumococica_Polisacarida_65,583,1269.0,45.9
13301,Colina,VACUNA SRP (TRIVIRICA) 1RA DOSIS,Cohorte_12M,2158,2064.0,104.6
13301,Colina,VACUNA SRP (TRIVIRICA) 2DA DOSIS,Cohorte_36M,2035,2087.0,97.5
13301,Colina,VACUNA VARICELA 1RA DOSIS,Cohorte_18M,2194,2130.0,103.0
13301,Colina,VACUNA VARICELA 2DA DOSIS,Cohorte_36M,2061,2087.0,98.8
13301,Colina,VACUNA VPH 4 BASICO,VPH_4basico,2799,2962.0,94.5
13301,Colina,VACUNA VPH 5 BASICO,VPH_5basico,2408,2974.0,81.0
13302,Lampa,VACUNA BCG,BCG_RN,1295,1494.0,86.7
13302,Lampa,VACUNA DTPA 1 BASICO,dTpa_1basico,1691,1915.0,88.3
13302,Lampa,VACUNA DTPA 8 BASICO,dTpa_8basico,1366,1698.0,80.4
13302,Lampa,VACUNA DTPA GESTANTES,dTpa_Gestantes,1050,1885.0,55.7
13302,Lampa,VACUNA HEPATITIS A PEDIATRICA,Cohorte_18M,1340,1762.0,76.0
13302,Lampa,VACUNA HEPATITIS B RN,HepB_RN,1299,1494.0,86.9
13302,Lampa,VACUNA HEXAVALENTE 1RA DOSIS,Cohorte_2M,1238,1464.0,84.6
13302,Lampa,VACUNA HEXAVALENTE 2DA DOSIS,Cohorte_4M,1266,1521.0,83.2
13302,Lampa,VACUNA HEXAVALENTE 3RA DOSIS,Hexavalente_3d_6m,1303,1561.0,83.5
13302,Lampa,VACUNA HEXAVALENTE REFUERZO,Hexavalente_ref_18m,1364,1762.0,77.4
13302,Lampa,VACUNA MENINGOCOCICA CONJUGADA DOSIS UNICA,Cohorte_12M,1346,1622.0,83.0
13302,Lampa,VACUNA MENINGOCOCICA RECOMBINANTE 1RA DOSIS,Cohorte_2M,1255,1464.0,85.7
13302,Lampa,VACUNA MENINGOCOCICA RECOMBINANTE 2DA DOSIS,Cohorte_4M,1282,1521.0,84.3
13302,Lampa,VACUNA MENINGOCOCICA RECOMBINANTE REFUERZO,Cohorte_18M,276,1762.0,15.7
13302,Lampa,VACUNA NEUMOCOCICA CONJUGADA 1RA DOSIS,Cohorte_2M,1245,1464.0,85.0
13302,Lampa,VACUNA NEUMOCOCICA CONJUGADA 2DA DOSIS,Cohorte_4M,1274,1521.0,83.8
13302,Lampa,VACUNA NEUMOCOCICA CONJUGADA REFUERZO,Cohorte_12M,1339,1622.0,82.6
13302,Lampa,VACUNA NEUMOCOCICA POLISACARIDA,Neumococica_Polisacarida_65,442,842.0,52.5
13302,Lampa,VACUNA SRP (TRIVIRICA) 1RA DOSIS,Cohorte_12M,1349,1622.0,83.2
13302,Lampa,VACUNA SRP (TRIVIRICA) 2DA DOSIS,Cohorte_36M,1225,1801.0,68.0
13302,Lampa,VACUNA VARICELA 1RA DOSIS,Cohorte_18M,1359,1762.0,77.1
13302,Lampa,VACUNA VARICELA 2DA DOSIS,Cohorte_36M,1235,1801.0,68.6
13302,Lampa,VACUNA VPH 4 BASICO,VPH_4basico,1376,1989.0,69.2
13302,Lampa,VACUNA VPH 5 BASICO,VPH_5basico,1257,1817.0,69.2
13303,Tiltil,VACUNA BCG,BCG_RN,173,186.0,93.0
13303,Tiltil,VACUNA DTPA 1 BASICO,dTpa_1basico,277,273.0,101.5
13303,Tiltil,VACUNA DTPA 8 BASICO,dTpa_8basico,225,263.0,85.6
13303,Tiltil,VACUNA DTPA GESTANTES,dTpa_Gestantes,174,264.0,65.9
13303,Tiltil,VACUNA HEPATITIS A PEDIATRICA,Cohorte_18M,192,206.0,93.2
13303,Tiltil,VACUNA HEPATITIS B RN,HepB_RN,173,186.0,93.0
13303,Tiltil,VACUNA HEXAVALENTE 1RA DOSIS,Cohorte_2M,180,190.0,94.7
13303,Tiltil,VACUNA HEXAVALENTE 2DA DOSIS,Cohorte_4M,172,191.0,90.1
13303,Tiltil,VACUNA HEXAVALENTE 3RA DOSIS,Hexavalente_3d_6m,180,189.0,95.2
13303,Tiltil,VACUNA HEXAVALENTE REFUERZO,Hexavalente_ref_18m,193,206.0,93.7
13303,Tiltil,VACUNA MENINGOCOCICA CONJUGADA DOSIS UNICA,Cohorte_12M,186,197.0,94.4
13303,Tiltil,VACUNA MENINGOCOCICA RECOMBINANTE 1RA DOSIS,Cohorte_2M,179,190.0,94.2
13303,Tiltil,VACUNA MENINGOCOCICA RECOMBINANTE 2DA DOSIS,Cohorte_4M,172,191.0,90.1
13303,Tiltil,VACUNA MENINGOCOCICA RECOMBINANTE REFUERZO,Cohorte_18M,31,206.0,15.0
13303,Tiltil,VACUNA NEUMOCOCICA CONJUGADA 1RA DOSIS,Cohorte_2M,180,190.0,94.7
13303,Tiltil,VACUNA NEUMOCOCICA CONJUGADA 2DA DOSIS,Cohorte_4M,173,191.0,90.6
13303,Tiltil,VACUNA NEUMOCOCICA CONJUGADA REFUERZO,Cohorte_12M,185,197.0,93.9
13303,Tiltil,VACUNA NEUMOCOCICA POLISACARIDA,Neumococica_Polisacarida_65,133,219.0,60.7
13303,Tiltil,VACUNA SRP (TRIVIRICA) 1RA DOSIS,Cohorte_12M,188,197.0,95.4
13303,Tiltil,VACUNA SRP (TRIVIRICA) 2DA DOSIS,Cohorte_36M,228,252.0,90.5
13303,Tiltil,VACUNA VARICELA 1RA DOSIS,Cohorte_18M,195,206.0,94.7
13303,Tiltil,VACUNA VARICELA 2DA DOSIS,Cohorte_36M,229,252.0,90.9
13303,Tiltil,VACUNA VPH 4 BASICO,VPH_4basico,280,314.0,89.2
13303,Tiltil,VACUNA VPH 5 BASICO,VPH_5basico,214,268.0,79.9
13401,San Bernardo,VACUNA BCG,BCG_RN,2490,2664.0,93.5
13401,San Bernardo,VACUNA DTPA 1 BASICO,dTpa_1basico,3274,3641.0,89.9
13401,San Bernardo,VACUNA DTPA 8 BASICO,dTpa_8basico,3645,4310.0,84.6
13401,San Bernardo,VACUNA DTPA GESTANTES,dTpa_Gestantes,2164,3399.0,63.7
13401,San Bernardo,VACUNA HEPATITIS A PEDIATRICA,Cohorte_18M,2670,3360.0,79.5
13401,San Bernardo,VACUNA HEPATITIS B RN,HepB_RN,2472,2664.0,92.8
13401,San Bernardo,VACUNA HEXAVALENTE 1RA DOSIS,Cohorte_2M,2482,2759.0,90.0
13401,San Bernardo,VACUNA HEXAVALENTE 2DA DOSIS,Cohorte_4M,2442,2785.0,87.7
13401,San Bernardo,VACUNA HEXAVALENTE 3RA DOSIS,Hexavalente_3d_6m,2527,2889.0,87.5
13401,San Bernardo,VACUNA HEXAVALENTE REFUERZO,Hexavalente_ref_18m,2694,3360.0,80.2
13401,San Bernardo,VACUNA MENINGOCOCICA CONJUGADA DOSIS UNICA,Cohorte_12M,2648,3135.0,84.5
13401,San Bernardo,VACUNA MENINGOCOCICA RECOMBINANTE 1RA DOSIS,Cohorte_2M,2506,2759.0,90.8
13401,San Bernardo,VACUNA MENINGOCOCICA RECOMBINANTE 2DA DOSIS,Cohorte_4M,2450,2785.0,88.0
13401,San Bernardo,VACUNA MENINGOCOCICA RECOMBINANTE REFUERZO,Cohorte_18M,436,3360.0,13.0
13401,San Bernardo,VACUNA NEUMOCOCICA CONJUGADA 1RA DOSIS,Cohorte_2M,2484,2759.0,90.0
13401,San Bernardo,VACUNA NEUMOCOCICA CONJUGADA 2DA DOSIS,Cohorte_4M,2441,2785.0,87.6
13401,San Bernardo,VACUNA NEUMOCOCICA CONJUGADA REFUERZO,Cohorte_12M,2661,3135.0,84.9
13401,San Bernardo,VACUNA NEUMOCOCICA POLISACARIDA,Neumococica_Polisacarida_65,1690,2926.0,57.8
13401,San Bernardo,VACUNA SRP (TRIVIRICA) 1RA DOSIS,Cohorte_12M,2669,3135.0,85.1
13401,San Bernardo,VACUNA SRP (TRIVIRICA) 2DA DOSIS,Cohorte_36M,2302,3247.0,70.9
13401,San Bernardo,VACUNA VARICELA 1RA DOSIS,Cohorte_18M,2681,3360.0,79.8
13401,San Bernardo,VACUNA VARICELA 2DA DOSIS,Cohorte_36M,2297,3247.0,70.7
13401,San Bernardo,VACUNA VPH 4 BASICO,VPH_4basico,3584,4129.0,86.8
13401,San Bernardo,VACUNA VPH 5 BASICO,VPH_5basico,3008,4017.0,74.9
13402,Buin,VACUNA BCG,BCG_RN,1211,1283.0,94.4
13402,Buin,VACUNA DTPA 1 BASICO,dTpa_1basico,1420,1537.0,92.4
13402,Buin,VACUNA DTPA 8 BASICO,dTpa_8basico,1445,1647.0,87.7
13402,Buin,VACUNA DTPA GESTANTES,dTpa_Gestantes,1084,1504.0,72.1
13402,Buin,VACUNA HEPATITIS A PEDIATRICA,Cohorte_18M,1270,1387.0,91.6
13402,Buin,VACUNA HEPATITIS B RN,HepB_RN,1206,1283.0,94.0
13402,Buin,VACUNA HEXAVALENTE 1RA DOSIS,Cohorte_2M,1256,1276.0,98.4
13402,Buin,VACUNA HEXAVALENTE 2DA DOSIS,Cohorte_4M,1323,1317.0,100.5
13402,Buin,VACUNA HEXAVALENTE 3RA DOSIS,Hexavalente_3d_6m,1313,1323.0,99.2
13402,Buin,VACUNA HEXAVALENTE REFUERZO,Hexavalente_ref_18m,1319,1387.0,95.1
13402,Buin,VACUNA MENINGOCOCICA CONJUGADA DOSIS UNICA,Cohorte_12M,1259,1323.0,95.2
13402,Buin,VACUNA MENINGOCOCICA RECOMBINANTE 1RA DOSIS,Cohorte_2M,1261,1276.0,98.8
13402,Buin,VACUNA MENINGOCOCICA RECOMBINANTE 2DA DOSIS,Cohorte_4M,1318,1317.0,100.1
13402,Buin,VACUNA MENINGOCOCICA RECOMBINANTE REFUERZO,Cohorte_18M,214,1387.0,15.4
13402,Buin,VACUNA NEUMOCOCICA CONJUGADA 1RA DOSIS,Cohorte_2M,1255,1276.0,98.4
13402,Buin,VACUNA NEUMOCOCICA CONJUGADA 2DA DOSIS,Cohorte_4M,1320,1317.0,100.2
13402,Buin,VACUNA NEUMOCOCICA CONJUGADA REFUERZO,Cohorte_12M,1290,1323.0,97.5
13402,Buin,VACUNA NEUMOCOCICA POLISACARIDA,Neumococica_Polisacarida_65,669,938.0,71.3
13402,Buin,VACUNA SRP (TRIVIRICA) 1RA DOSIS,Cohorte_12M,1305,1323.0,98.6
13402,Buin,VACUNA SRP (TRIVIRICA) 2DA DOSIS,Cohorte_36M,1161,1437.0,80.8
13402,Buin,VACUNA VARICELA 1RA DOSIS,Cohorte_18M,1324,1387.0,95.5
13402,Buin,VACUNA VARICELA 2DA DOSIS,Cohorte_36M,1160,1437.0,80.7
13402,Buin,VACUNA VPH 4 BASICO,VPH_4basico,1472,1638.0,89.9
13402,Buin,VACUNA VPH 5 BASICO,VPH_5basico,1201,1607.0,74.7
13403,Calera de Tango,VACUNA BCG,BCG_RN,171,198.0,86.4
13403,Calera de Tango,VACUNA DTPA 1 BASICO,dTpa_1basico,285,366.0,77.9
13403,Calera de Tango,VACUNA DTPA 8 BASICO,dTpa_8basico,310,423.0,73.3
13403,Calera de Tango,VACUNA DTPA GESTANTES,dTpa_Gestantes,186,269.0,69.1
13403,Calera de Tango,VACUNA HEPATITIS A PEDIATRICA,Cohorte_18M,241,246.0,98.0
13403,Calera de Tango,VACUNA HEPATITIS B RN,HepB_RN,190,198.0,96.0
13403,Calera de Tango,VACUNA HEXAVALENTE 1RA DOSIS,Cohorte_2M,210,200.0,105.0
13403,Calera de Tango,VACUNA HEXAVALENTE 2DA DOSIS,Cohorte_4M,197,193.0,102.1
13403,Calera de Tango,VACUNA HEXAVALENTE 3RA DOSIS,Hexavalente_3d_6m,196,197.0,99.5
13403,Calera de Tango,VACUNA HEXAVALENTE REFUERZO,Hexavalente_ref_18m,244,246.0,99.2
13403,Calera de Tango,VACUNA MENINGOCOCICA CONJUGADA DOSIS UNICA,Cohorte_12M,208,191.0,108.9
13403,Calera de Tango,VACUNA MENINGOCOCICA RECOMBINANTE 1RA DOSIS,Cohorte_2M,211,200.0,105.5
13403,Calera de Tango,VACUNA MENINGOCOCICA RECOMBINANTE 2DA DOSIS,Cohorte_4M,196,193.0,101.6
13403,Calera de Tango,VACUNA MENINGOCOCICA RECOMBINANTE REFUERZO,Cohorte_18M,44,246.0,17.9
13403,Calera de Tango,VACUNA NEUMOCOCICA CONJUGADA 1RA DOSIS,Cohorte_2M,211,200.0,105.5
13403,Calera de Tango,VACUNA NEUMOCOCICA CONJUGADA 2DA DOSIS,Cohorte_4M,197,193.0,102.1
13403,Calera de Tango,VACUNA NEUMOCOCICA CONJUGADA REFUERZO,Cohorte_12M,210,191.0,109.9
13403,Calera de Tango,VACUNA NEUMOCOCICA POLISACARIDA,Neumococica_Polisacarida_65,187,276.0,67.8
13403,Calera de Tango,VACUNA SRP (TRIVIRICA) 1RA DOSIS,Cohorte_12M,210,191.0,109.9
13403,Calera de Tango,VACUNA SRP (TRIVIRICA) 2DA DOSIS,Cohorte_36M,218,257.0,84.8
13403,Calera de Tango,VACUNA VARICELA 1RA DOSIS,Cohorte_18M,245,246.0,99.6
13403,Calera de Tango,VACUNA VARICELA 2DA DOSIS,Cohorte_36M,223,257.0,86.8
13403,Calera de Tango,VACUNA VPH 4 BASICO,VPH_4basico,320,419.0,76.4
13403,Calera de Tango,VACUNA VPH 5 BASICO,VPH_5basico,295,392.0,75.3
13404,Paine,VACUNA BCG,BCG_RN,575,758.0,75.9
13404,Paine,VACUNA DTPA 1 BASICO,dTpa_1basico,1086,1207.0,90.0
13404,Paine,VACUNA DTPA 8 BASICO,dTpa_8basico,1151,1321.0,87.1
13404,Paine,VACUNA DTPA GESTANTES,dTpa_Gestantes,702,857.0,81.9
13404,Paine,VACUNA HEPATITIS A PEDIATRICA,Cohorte_18M,856,931.0,91.9
13404,Paine,VACUNA HEPATITIS B RN,HepB_RN,565,758.0,74.5
13404,Paine,VACUNA HEXAVALENTE 1RA DOSIS,Cohorte_2M,715,744.0,96.1
13404,Paine,VACUNA HEXAVALENTE 2DA DOSIS,Cohorte_4M,732,753.0,97.2
13404,Paine,VACUNA HEXAVALENTE 3RA DOSIS,Hexavalente_3d_6m,752,778.0,96.7
13404,Paine,VACUNA HEXAVALENTE REFUERZO,Hexavalente_ref_18m,840,931.0,90.2
13404,Paine,VACUNA MENINGOCOCICA CONJUGADA DOSIS UNICA,Cohorte_12M,802,842.0,95.2
13404,Paine,VACUNA MENINGOCOCICA RECOMBINANTE 1RA DOSIS,Cohorte_2M,743,744.0,99.9
13404,Paine,VACUNA MENINGOCOCICA RECOMBINANTE 2DA DOSIS,Cohorte_4M,741,753.0,98.4
13404,Paine,VACUNA MENINGOCOCICA RECOMBINANTE REFUERZO,Cohorte_18M,136,931.0,14.6
13404,Paine,VACUNA NEUMOCOCICA CONJUGADA 1RA DOSIS,Cohorte_2M,717,744.0,96.4
13404,Paine,VACUNA NEUMOCOCICA CONJUGADA 2DA DOSIS,Cohorte_4M,730,753.0,96.9
13404,Paine,VACUNA NEUMOCOCICA CONJUGADA REFUERZO,Cohorte_12M,804,842.0,95.5
13404,Paine,VACUNA NEUMOCOCICA POLISACARIDA,Neumococica_Polisacarida_65,612,831.0,73.6
13404,Paine,VACUNA SRP (TRIVIRICA) 1RA DOSIS,Cohorte_12M,813,842.0,96.6
13404,Paine,VACUNA SRP (TRIVIRICA) 2DA DOSIS,Cohorte_36M,729,819.0,89.0
13404,Paine,VACUNA VARICELA 1RA DOSIS,Cohorte_18M,856,931.0,91.9
13404,Paine,VACUNA VARICELA 2DA DOSIS,Cohorte_36M,731,819.0,89.3
13404,Paine,VACUNA VPH 4 BASICO,VPH_4basico,1146,1280.0,89.5
13404,Paine,VACUNA VPH 5 BASICO,VPH_5basico,932,1229.0,75.8
13501,Melipilla,VACUNA BCG,BCG_RN,1178,1411.0,83.5
13501,Melipilla,VACUNA DTPA 1 BASICO,dTpa_1basico,1580,1916.0,82.5
13501,Melipilla,VACUNA DTPA 8 BASICO,dTpa_8basico,1597,2104.0,75.9
13501,Melipilla,VACUNA DTPA GESTANTES,dTpa_Gestantes,1208,1715.0,70.4
13501,Melipilla,VACUNA HEPATITIS A PEDIATRICA,Cohorte_18M,1512,1696.0,89.2
13501,Melipilla,VACUNA HEPATITIS B RN,HepB_RN,1156,1411.0,81.9
13501,Melipilla,VACUNA HEXAVALENTE 1RA DOSIS,Cohorte_2M,1381,1424.0,97.0
13501,Melipilla,VACUNA HEXAVALENTE 2DA DOSIS,Cohorte_4M,1412,1456.0,97.0
13501,Melipilla,VACUNA HEXAVALENTE 3RA DOSIS,Hexavalente_3d_6m,1389,1466.0,94.7
13501,Melipilla,VACUNA HEXAVALENTE REFUERZO,Hexavalente_ref_18m,1491,1696.0,87.9
13501,Melipilla,VACUNA MENINGOCOCICA CONJUGADA DOSIS UNICA,Cohorte_12M,1472,1564.0,94.1
13501,Melipilla,VACUNA MENINGOCOCICA RECOMBINANTE 1RA DOSIS,Cohorte_2M,1436,1424.0,100.8
13501,Melipilla,VACUNA MENINGOCOCICA RECOMBINANTE 2DA DOSIS,Cohorte_4M,1432,1456.0,98.4
13501,Melipilla,VACUNA MENINGOCOCICA RECOMBINANTE REFUERZO,Cohorte_18M,200,1696.0,11.8
13501,Melipilla,VACUNA NEUMOCOCICA CONJUGADA 1RA DOSIS,Cohorte_2M,1382,1424.0,97.1
13501,Melipilla,VACUNA NEUMOCOCICA CONJUGADA 2DA DOSIS,Cohorte_4M,1411,1456.0,96.9
13501,Melipilla,VACUNA NEUMOCOCICA CONJUGADA REFUERZO,Cohorte_12M,1459,1564.0,93.3
13501,Melipilla,VACUNA NEUMOCOCICA POLISACARIDA,Neumococica_Polisacarida_65,682,1471.0,46.4
13501,Melipilla,VACUNA SRP (TRIVIRICA) 1RA DOSIS,Cohorte_12M,1469,1564.0,93.9
13501,Melipilla,VACUNA SRP (TRIVIRICA) 2DA DOSIS,Cohorte_36M,1209,1638.0,73.8
13501,Melipilla,VACUNA VARICELA 1RA DOSIS,Cohorte_18M,1513,1696.0,89.2
13501,Melipilla,VACUNA VARICELA 2DA DOSIS,Cohorte_36M,1218,1638.0,74.4
13501,Melipilla,VACUNA VPH 4 BASICO,VPH_4basico,1781,2089.0,85.3
13501,Melipilla,VACUNA VPH 5 BASICO,VPH_5basico,1201,1993.0,60.3
13502,Alhué,VACUNA BCG,BCG_RN,65,98.0,66.3
13502,Alhué,VACUNA DTPA 1 BASICO,dTpa_1basico,111,119.0,93.3
13502,Alhué,VACUNA DTPA 8 BASICO,dTpa_8basico,103,119.0,86.6
13502,Alhué,VACUNA DTPA GESTANTES,dTpa_Gestantes,77,121.0,63.6
13502,Alhué,VACUNA HEPATITIS A PEDIATRICA,Cohorte_18M,120,127.0,94.5
13502,Alhué,VACUNA HEPATITIS B RN,HepB_RN,63,98.0,64.3
13502,Alhué,VACUNA HEXAVALENTE 1RA DOSIS,Cohorte_2M,90,96.0,93.8
13502,Alhué,VACUNA HEXAVALENTE 2DA DOSIS,Cohorte_4M,89,98.0,90.8
13502,Alhué,VACUNA HEXAVALENTE 3RA DOSIS,Hexavalente_3d_6m,105,102.0,102.9
13502,Alhué,VACUNA HEXAVALENTE REFUERZO,Hexavalente_ref_18m,120,127.0,94.5
13502,Alhué,VACUNA MENINGOCOCICA CONJUGADA DOSIS UNICA,Cohorte_12M,118,111.0,106.3
13502,Alhué,VACUNA MENINGOCOCICA RECOMBINANTE 1RA DOSIS,Cohorte_2M,95,96.0,99.0
13502,Alhué,VACUNA MENINGOCOCICA RECOMBINANTE 2DA DOSIS,Cohorte_4M,94,98.0,95.9
13502,Alhué,VACUNA MENINGOCOCICA RECOMBINANTE REFUERZO,Cohorte_18M,21,127.0,16.5
13502,Alhué,VACUNA NEUMOCOCICA CONJUGADA 1RA DOSIS,Cohorte_2M,90,96.0,93.8
13502,Alhué,VACUNA NEUMOCOCICA CONJUGADA 2DA DOSIS,Cohorte_4M,89,98.0,90.8
13502,Alhué,VACUNA NEUMOCOCICA CONJUGADA REFUERZO,Cohorte_12M,117,111.0,105.4
13502,Alhué,VACUNA NEUMOCOCICA POLISACARIDA,Neumococica_Polisacarida_65,70,85.0,82.4
13502,Alhué,VACUNA SRP (TRIVIRICA) 1RA DOSIS,Cohorte_12M,116,111.0,104.5
13502,Alhué,VACUNA SRP (TRIVIRICA) 2DA DOSIS,Cohorte_36M,109,116.0,94.0
13502,Alhué,VACUNA VARICELA 1RA DOSIS,Cohorte_18M,120,127.0,94.5
13502,Alhué,VACUNA VARICELA 2DA DOSIS,Cohorte_36M,106,116.0,91.4
13502,Alhué,VACUNA VPH 4 BASICO,VPH_4basico,124,129.0,96.1
13502,Alhué,VACUNA VPH 5 BASICO,VPH_5basico,103,124.0,83.1
13503,Curacaví,VACUNA BCG,BCG_RN,272,281.0,96.8
13503,Curacaví,VACUNA DTPA 1 BASICO,dTpa_1basico,428,476.0,89.9
13503,Curacaví,VACUNA DTPA 8 BASICO,dTpa_8basico,499,561.0,88.9
13503,Curacaví,VACUNA DTPA GESTANTES,dTpa_Gestantes,226,369.0,61.2
13503,Curacaví,VACUNA HEPATITIS A PEDIATRICA,Cohorte_18M,318,345.0,92.2
13503,Curacaví,VACUNA HEPATITIS B RN,HepB_RN,273,281.0,97.2
13503,Curacaví,VACUNA HEXAVALENTE 1RA DOSIS,Cohorte_2M,274,275.0,99.6
13503,Curacaví,VACUNA HEXAVALENTE 2DA DOSIS,Cohorte_4M,295,304.0,97.0
13503,Curacaví,VACUNA HEXAVALENTE 3RA DOSIS,Hexavalente_3d_6m,302,303.0,99.7
13503,Curacaví,VACUNA HEXAVALENTE REFUERZO,Hexavalente_ref_18m,318,345.0,92.2
13503,Curacaví,VACUNA MENINGOCOCICA CONJUGADA DOSIS UNICA,Cohorte_12M,295,316.0,93.4
13503,Curacaví,VACUNA MENINGOCOCICA RECOMBINANTE 1RA DOSIS,Cohorte_2M,273,275.0,99.3
13503,Curacaví,VACUNA MENINGOCOCICA RECOMBINANTE 2DA DOSIS,Cohorte_4M,294,304.0,96.7
13503,Curacaví,VACUNA MENINGOCOCICA RECOMBINANTE REFUERZO,Cohorte_18M,53,345.0,15.4
13503,Curacaví,VACUNA NEUMOCOCICA CONJUGADA 1RA DOSIS,Cohorte_2M,274,275.0,99.6
13503,Curacaví,VACUNA NEUMOCOCICA CONJUGADA 2DA DOSIS,Cohorte_4M,295,304.0,97.0
13503,Curacaví,VACUNA NEUMOCOCICA CONJUGADA REFUERZO,Cohorte_12M,299,316.0,94.6
13503,Curacaví,VACUNA NEUMOCOCICA POLISACARIDA,Neumococica_Polisacarida_65,205,386.0,53.1
13503,Curacaví,VACUNA SRP (TRIVIRICA) 1RA DOSIS,Cohorte_12M,297,316.0,94.0
13503,Curacaví,VACUNA SRP (TRIVIRICA) 2DA DOSIS,Cohorte_36M,284,352.0,80.7
13503,Curacaví,VACUNA VARICELA 1RA DOSIS,Cohorte_18M,320,345.0,92.8
13503,Curacaví,VACUNA VARICELA 2DA DOSIS,Cohorte_36M,282,352.0,80.1
13503,Curacaví,VACUNA VPH 4 BASICO,VPH_4basico,499,562.0,88.8
13503,Curacaví,VACUNA VPH 5 BASICO,VPH_5basico,395,531.0,74.4
13504,María Pinto,VACUNA BCG,BCG_RN,109,135.0,80.7
13504,María Pinto,VACUNA DTPA 1 BASICO,dTpa_1basico,144,164.0,87.8
13504,María Pinto,VACUNA DTPA 8 BASICO,dTpa_8basico,131,175.0,74.9
13504,María Pinto,VACUNA DTPA GESTANTES,dTpa_Gestantes,115,178.0,64.6
13504,María Pinto,VACUNA HEPATITIS A PEDIATRICA,Cohorte_18M,186,172.0,108.1
13504,María Pinto,VACUNA HEPATITIS B RN,HepB_RN,111,135.0,82.2
13504,María Pinto,VACUNA HEXAVALENTE 1RA DOSIS,Cohorte_2M,136,136.0,100.0
13504,María Pinto,VACUNA HEXAVALENTE 2DA DOSIS,Cohorte_4M,124,118.0,105.1
13504,María Pinto,VACUNA HEXAVALENTE 3RA DOSIS,Hexavalente_3d_6m,135,121.0,111.6
13504,María Pinto,VACUNA HEXAVALENTE REFUERZO,Hexavalente_ref_18m,187,172.0,108.7
13504,María Pinto,VACUNA MENINGOCOCICA CONJUGADA DOSIS UNICA,Cohorte_12M,155,142.0,109.2
13504,María Pinto,VACUNA MENINGOCOCICA RECOMBINANTE 1RA DOSIS,Cohorte_2M,137,136.0,100.7
13504,María Pinto,VACUNA MENINGOCOCICA RECOMBINANTE 2DA DOSIS,Cohorte_4M,123,118.0,104.2
13504,María Pinto,VACUNA MENINGOCOCICA RECOMBINANTE REFUERZO,Cohorte_18M,33,172.0,19.2
13504,María Pinto,VACUNA NEUMOCOCICA CONJUGADA 1RA DOSIS,Cohorte_2M,135,136.0,99.3
13504,María Pinto,VACUNA NEUMOCOCICA CONJUGADA 2DA DOSIS,Cohorte_4M,124,118.0,105.1
13504,María Pinto,VACUNA NEUMOCOCICA CONJUGADA REFUERZO,Cohorte_12M,156,142.0,109.9
13504,María Pinto,VACUNA NEUMOCOCICA POLISACARIDA,Neumococica_Polisacarida_65,72,154.0,46.8
13504,María Pinto,VACUNA SRP (TRIVIRICA) 1RA DOSIS,Cohorte_12M,158,142.0,111.3
13504,María Pinto,VACUNA SRP (TRIVIRICA) 2DA DOSIS,Cohorte_36M,137,170.0,80.6
13504,María Pinto,VACUNA VARICELA 1RA DOSIS,Cohorte_18M,187,172.0,108.7
13504,María Pinto,VACUNA VARICELA 2DA DOSIS,Cohorte_36M,139,170.0,81.8
13504,María Pinto,VACUNA VPH 4 BASICO,VPH_4basico,164,187.0,87.7
13504,María Pinto,VACUNA VPH 5 BASICO,VPH_5basico,103,166.0,62.0
13505,San Pedro,VACUNA BCG,BCG_RN,104,134.0,77.6
13505,San Pedro,VACUNA DTPA 1 BASICO,dTpa_1basico,145,74.0,195.9
13505,San Pedro,VACUNA DTPA 8 BASICO,dTpa_8basico,141,140.0,100.7
13505,San Pedro,VACUNA DTPA GESTANTES,dTpa_Gestantes,117,131.0,89.3
13505,San Pedro,VACUNA HEPATITIS A PEDIATRICA,Cohorte_18M,165,163.0,101.2
13505,San Pedro,VACUNA HEPATITIS B RN,HepB_RN,128,134.0,95.5
13505,San Pedro,VACUNA HEXAVALENTE 1RA DOSIS,Cohorte_2M,145,136.0,106.6
13505,San Pedro,VACUNA HEXAVALENTE 2DA DOSIS,Cohorte_4M,142,129.0,110.1
13505,San Pedro,VACUNA HEXAVALENTE 3RA DOSIS,Hexavalente_3d_6m,146,127.0,115.0
13505,San Pedro,VACUNA HEXAVALENTE REFUERZO,Hexavalente_ref_18m,166,163.0,101.8
13505,San Pedro,VACUNA MENINGOCOCICA CONJUGADA DOSIS UNICA,Cohorte_12M,161,146.0,110.3
13505,San Pedro,VACUNA MENINGOCOCICA RECOMBINANTE 1RA DOSIS,Cohorte_2M,165,136.0,121.3
13505,San Pedro,VACUNA MENINGOCOCICA RECOMBINANTE 2DA DOSIS,Cohorte_4M,150,129.0,116.3
13505,San Pedro,VACUNA MENINGOCOCICA RECOMBINANTE REFUERZO,Cohorte_18M,20,163.0,12.3
13505,San Pedro,VACUNA NEUMOCOCICA CONJUGADA 1RA DOSIS,Cohorte_2M,147,136.0,108.1
13505,San Pedro,VACUNA NEUMOCOCICA CONJUGADA 2DA DOSIS,Cohorte_4M,145,129.0,112.4
13505,San Pedro,VACUNA NEUMOCOCICA CONJUGADA REFUERZO,Cohorte_12M,160,146.0,109.6
13505,San Pedro,VACUNA NEUMOCOCICA POLISACARIDA,Neumococica_Polisacarida_65,82,127.0,64.6
13505,San Pedro,VACUNA SRP (TRIVIRICA) 1RA DOSIS,Cohorte_12M,160,146.0,109.6
13505,San Pedro,VACUNA SRP (TRIVIRICA) 2DA DOSIS,Cohorte_36M,101,125.0,80.8
13505,San Pedro,VACUNA VARICELA 1RA DOSIS,Cohorte_18M,168,163.0,103.1
13505,San Pedro,VACUNA VARICELA 2DA DOSIS,Cohorte_36M,105,125.0,84.0
13505,San Pedro,VACUNA VPH 4 BASICO,VPH_4basico,145,74.0,195.9
13505,San Pedro,VACUNA VPH 5 BASICO,VPH_5basico,127,58.0,219.0
13601,Talagante,VACUNA BCG,BCG_RN,610,614.0,99.3
13601,Talagante,VACUNA DTPA 1 BASICO,dTpa_1basico,1050,1188.0,88.4
13601,Talagante,VACUNA DTPA 8 BASICO,dTpa_8basico,1312,1523.0,86.1
13601,Talagante,VACUNA DTPA GESTANTES,dTpa_Gestantes,459,803.0,57.2
13601,Talagante,VACUNA HEPATITIS A PEDIATRICA,Cohorte_18M,704,773.0,91.1
13601,Talagante,VACUNA HEPATITIS B RN,HepB_RN,605,614.0,98.5
13601,Talagante,VACUNA HEXAVALENTE 1RA DOSIS,Cohorte_2M,642,631.0,101.7
13601,Talagante,VACUNA HEXAVALENTE 2DA DOSIS,Cohorte_4M,652,655.0,99.5
13601,Talagante,VACUNA HEXAVALENTE 3RA DOSIS,Hexavalente_3d_6m,695,680.0,102.2
13601,Talagante,VACUNA HEXAVALENTE REFUERZO,Hexavalente_ref_18m,714,773.0,92.4
13601,Talagante,VACUNA MENINGOCOCICA CONJUGADA DOSIS UNICA,Cohorte_12M,694,736.0,94.3
13601,Talagante,VACUNA MENINGOCOCICA RECOMBINANTE 1RA DOSIS,Cohorte_2M,639,631.0,101.3
13601,Talagante,VACUNA MENINGOCOCICA RECOMBINANTE 2DA DOSIS,Cohorte_4M,652,655.0,99.5
13601,Talagante,VACUNA MENINGOCOCICA RECOMBINANTE REFUERZO,Cohorte_18M,124,773.0,16.0
13601,Talagante,VACUNA NEUMOCOCICA CONJUGADA 1RA DOSIS,Cohorte_2M,643,631.0,101.9
13601,Talagante,VACUNA NEUMOCOCICA CONJUGADA 2DA DOSIS,Cohorte_4M,654,655.0,99.8
13601,Talagante,VACUNA NEUMOCOCICA CONJUGADA REFUERZO,Cohorte_12M,696,736.0,94.6
13601,Talagante,VACUNA NEUMOCOCICA POLISACARIDA,Neumococica_Polisacarida_65,374,763.0,49.0
13601,Talagante,VACUNA SRP (TRIVIRICA) 1RA DOSIS,Cohorte_12M,702,736.0,95.4
13601,Talagante,VACUNA SRP (TRIVIRICA) 2DA DOSIS,Cohorte_36M,613,767.0,79.9
13601,Talagante,VACUNA VARICELA 1RA DOSIS,Cohorte_18M,714,773.0,92.4
13601,Talagante,VACUNA VARICELA 2DA DOSIS,Cohorte_36M,623,767.0,81.2
13601,Talagante,VACUNA VPH 4 BASICO,VPH_4basico,1229,1386.0,88.7
13601,Talagante,VACUNA VPH 5 BASICO,VPH_5basico,1042,1357.0,76.8
13602,El Monte,VACUNA BCG,BCG_RN,313,345.0,90.7
13602,El Monte,VACUNA DTPA 1 BASICO,dTpa_1basico,398,426.0,93.4
13602,El Monte,VACUNA DTPA 8 BASICO,dTpa_8basico,425,485.0,87.6
13602,El Monte,VACUNA DTPA GESTANTES,dTpa_Gestantes,248,420.0,59.0
13602,El Monte,VACUNA HEPATITIS A PEDIATRICA,Cohorte_18M,293,363.0,80.7
13602,El Monte,VACUNA HEPATITIS B RN,HepB_RN,317,345.0,91.9
13602,El Monte,VACUNA HEXAVALENTE 1RA DOSIS,Cohorte_2M,307,338.0,90.8
13602,El Monte,VACUNA HEXAVALENTE 2DA DOSIS,Cohorte_4M,298,336.0,88.7
13602,El Monte,VACUNA HEXAVALENTE 3RA DOSIS,Hexavalente_3d_6m,298,338.0,88.2
13602,El Monte,VACUNA HEXAVALENTE REFUERZO,Hexavalente_ref_18m,307,363.0,84.6
13602,El Monte,VACUNA MENINGOCOCICA CONJUGADA DOSIS UNICA,Cohorte_12M,244,309.0,79.0
13602,El Monte,VACUNA MENINGOCOCICA RECOMBINANTE 1RA DOSIS,Cohorte_2M,307,338.0,90.8
13602,El Monte,VACUNA MENINGOCOCICA RECOMBINANTE 2DA DOSIS,Cohorte_4M,299,336.0,89.0
13602,El Monte,VACUNA MENINGOCOCICA RECOMBINANTE REFUERZO,Cohorte_18M,38,363.0,10.5
13602,El Monte,VACUNA NEUMOCOCICA CONJUGADA 1RA DOSIS,Cohorte_2M,306,338.0,90.5
13602,El Monte,VACUNA NEUMOCOCICA CONJUGADA 2DA DOSIS,Cohorte_4M,297,336.0,88.4
13602,El Monte,VACUNA NEUMOCOCICA CONJUGADA REFUERZO,Cohorte_12M,277,309.0,89.6
13602,El Monte,VACUNA NEUMOCOCICA POLISACARIDA,Neumococica_Polisacarida_65,250,372.0,67.2
13602,El Monte,VACUNA SRP (TRIVIRICA) 1RA DOSIS,Cohorte_12M,275,309.0,89.0
13602,El Monte,VACUNA SRP (TRIVIRICA) 2DA DOSIS,Cohorte_36M,269,401.0,67.1
13602,El Monte,VACUNA VARICELA 1RA DOSIS,Cohorte_18M,302,363.0,83.2
13602,El Monte,VACUNA VARICELA 2DA DOSIS,Cohorte_36M,270,401.0,67.3
13602,El Monte,VACUNA VPH 4 BASICO,VPH_4basico,520,554.0,93.9
13602,El Monte,VACUNA VPH 5 BASICO,VPH_5basico,432,513.0,84.2
13603,Isla de Maipo,VACUNA BCG,BCG_RN,312,333.0,93.7
13603,Isla de Maipo,VACUNA DTPA 1 BASICO,dTpa_1basico,420,446.0,94.2
13603,Isla de Maipo,VACUNA DTPA 8 BASICO,dTpa_8basico,462,539.0,85.7
13603,Isla de Maipo,VACUNA DTPA GESTANTES,dTpa_Gestantes,298,375.0,79.5
13603,Isla de Maipo,VACUNA HEPATITIS A PEDIATRICA,Cohorte_18M,388,370.0,104.9
13603,Isla de Maipo,VACUNA HEPATITIS B RN,HepB_RN,309,333.0,92.8
13603,Isla de Maipo,VACUNA HEXAVALENTE 1RA DOSIS,Cohorte_2M,325,329.0,98.8
13603,Isla de Maipo,VACUNA HEXAVALENTE 2DA DOSIS,Cohorte_4M,338,337.0,100.3
13603,Isla de Maipo,VACUNA HEXAVALENTE 3RA DOSIS,Hexavalente_3d_6m,349,345.0,101.2
13603,Isla de Maipo,VACUNA HEXAVALENTE REFUERZO,Hexavalente_ref_18m,391,370.0,105.7
13603,Isla de Maipo,VACUNA MENINGOCOCICA CONJUGADA DOSIS UNICA,Cohorte_12M,376,363.0,103.6
13603,Isla de Maipo,VACUNA MENINGOCOCICA RECOMBINANTE 1RA DOSIS,Cohorte_2M,333,329.0,101.2
13603,Isla de Maipo,VACUNA MENINGOCOCICA RECOMBINANTE 2DA DOSIS,Cohorte_4M,342,337.0,101.5
13603,Isla de Maipo,VACUNA MENINGOCOCICA RECOMBINANTE REFUERZO,Cohorte_18M,66,370.0,17.8
13603,Isla de Maipo,VACUNA NEUMOCOCICA CONJUGADA 1RA DOSIS,Cohorte_2M,324,329.0,98.5
13603,Isla de Maipo,VACUNA NEUMOCOCICA CONJUGADA 2DA DOSIS,Cohorte_4M,338,337.0,100.3
13603,Isla de Maipo,VACUNA NEUMOCOCICA CONJUGADA REFUERZO,Cohorte_12M,374,363.0,103.0
13603,Isla de Maipo,VACUNA NEUMOCOCICA POLISACARIDA,Neumococica_Polisacarida_65,230,371.0,62.0
13603,Isla de Maipo,VACUNA SRP (TRIVIRICA) 1RA DOSIS,Cohorte_12M,377,363.0,103.9
13603,Isla de Maipo,VACUNA SRP (TRIVIRICA) 2DA DOSIS,Cohorte_36M,357,358.0,99.7
13603,Isla de Maipo,VACUNA VARICELA 1RA DOSIS,Cohorte_18M,393,370.0,106.2
13603,Isla de Maipo,VACUNA VARICELA 2DA DOSIS,Cohorte_36M,363,358.0,101.4
13603,Isla de Maipo,VACUNA VPH 4 BASICO,VPH_4basico,478,529.0,90.4
13603,Isla de Maipo,VACUNA VPH 5 BASICO,VPH_5basico,413,505.0,81.8
13604,Padre Hurtado,VACUNA BCG,BCG_RN,674,781.0,86.3
13604,Padre Hurtado,VACUNA DTPA 1 BASICO,dTpa_1basico,991,1077.0,92.0
13604,Padre Hurtado,VACUNA DTPA 8 BASICO,dTpa_8basico,993,1137.0,87.3
13604,Padre Hurtado,VACUNA DTPA GESTANTES,dTpa_Gestantes,574,907.0,63.3
13604,Padre Hurtado,VACUNA HEPATITIS A PEDIATRICA,Cohorte_18M,801,953.0,84.1
13604,Padre Hurtado,VACUNA HEPATITIS B RN,HepB_RN,669,781.0,85.7
13604,Padre Hurtado,VACUNA HEXAVALENTE 1RA DOSIS,Cohorte_2M,728,783.0,93.0
13604,Padre Hurtado,VACUNA HEXAVALENTE 2DA DOSIS,Cohorte_4M,759,817.0,92.9
13604,Padre Hurtado,VACUNA HEXAVALENTE 3RA DOSIS,Hexavalente_3d_6m,779,846.0,92.1
13604,Padre Hurtado,VACUNA HEXAVALENTE REFUERZO,Hexavalente_ref_18m,809,953.0,84.9
13604,Padre Hurtado,VACUNA MENINGOCOCICA CONJUGADA DOSIS UNICA,Cohorte_12M,799,886.0,90.2
13604,Padre Hurtado,VACUNA MENINGOCOCICA RECOMBINANTE 1RA DOSIS,Cohorte_2M,728,783.0,93.0
13604,Padre Hurtado,VACUNA MENINGOCOCICA RECOMBINANTE 2DA DOSIS,Cohorte_4M,762,817.0,93.3
13604,Padre Hurtado,VACUNA MENINGOCOCICA RECOMBINANTE REFUERZO,Cohorte_18M,158,953.0,16.6
13604,Padre Hurtado,VACUNA NEUMOCOCICA CONJUGADA 1RA DOSIS,Cohorte_2M,730,783.0,93.2
13604,Padre Hurtado,VACUNA NEUMOCOCICA CONJUGADA 2DA DOSIS,Cohorte_4M,761,817.0,93.1
13604,Padre Hurtado,VACUNA NEUMOCOCICA CONJUGADA REFUERZO,Cohorte_12M,789,886.0,89.1
13604,Padre Hurtado,VACUNA NEUMOCOCICA POLISACARIDA,Neumococica_Polisacarida_65,335,709.0,47.2
13604,Padre Hurtado,VACUNA SRP (TRIVIRICA) 1RA DOSIS,Cohorte_12M,797,886.0,90.0
13604,Padre Hurtado,VACUNA SRP (TRIVIRICA) 2DA DOSIS,Cohorte_36M,684,866.0,79.0
13604,Padre Hurtado,VACUNA VARICELA 1RA DOSIS,Cohorte_18M,807,953.0,84.7
13604,Padre Hurtado,VACUNA VARICELA 2DA DOSIS,Cohorte_36M,691,866.0,79.8
13604,Padre Hurtado,VACUNA VPH 4 BASICO,VPH_4basico,1031,1150.0,89.7
13604,Padre Hurtado,VACUNA VPH 5 BASICO,VPH_5basico,922,1157.0,79.7
13605,Peñaflor,VACUNA BCG,BCG_RN,630,665.0,94.7
13605,Peñaflor,VACUNA DTPA 1 BASICO,dTpa_1basico,1009,1107.0,91.1
13605,Peñaflor,VACUNA DTPA 8 BASICO,dTpa_8basico,1136,1336.0,85.0
13605,Peñaflor,VACUNA DTPA GESTANTES,dTpa_Gestantes,590,915.0,64.5
13605,Peñaflor,VACUNA HEPATITIS A PEDIATRICA,Cohorte_18M,828,890.0,93.0
13605,Peñaflor,VACUNA HEPATITIS B RN,HepB_RN,635,665.0,95.5
13605,Peñaflor,VACUNA HEXAVALENTE 1RA DOSIS,Cohorte_2M,652,670.0,97.3
13605,Peñaflor,VACUNA HEXAVALENTE 2DA DOSIS,Cohorte_4M,701,709.0,98.9
13605,Peñaflor,VACUNA HEXAVALENTE 3RA DOSIS,Hexavalente_3d_6m,694,711.0,97.6
13605,Peñaflor,VACUNA HEXAVALENTE REFUERZO,Hexavalente_ref_18m,831,890.0,93.4
13605,Peñaflor,VACUNA MENINGOCOCICA CONJUGADA DOSIS UNICA,Cohorte_12M,767,791.0,97.0
13605,Peñaflor,VACUNA MENINGOCOCICA RECOMBINANTE 1RA DOSIS,Cohorte_2M,657,670.0,98.1
13605,Peñaflor,VACUNA MENINGOCOCICA RECOMBINANTE 2DA DOSIS,Cohorte_4M,704,709.0,99.3
13605,Peñaflor,VACUNA MENINGOCOCICA RECOMBINANTE REFUERZO,Cohorte_18M,139,890.0,15.6
13605,Peñaflor,VACUNA NEUMOCOCICA CONJUGADA 1RA DOSIS,Cohorte_2M,653,670.0,97.5
13605,Peñaflor,VACUNA NEUMOCOCICA CONJUGADA 2DA DOSIS,Cohorte_4M,701,709.0,98.9
13605,Peñaflor,VACUNA NEUMOCOCICA CONJUGADA REFUERZO,Cohorte_12M,766,791.0,96.8
13605,Peñaflor,VACUNA NEUMOCOCICA POLISACARIDA,Neumococica_Polisacarida_65,619,932.0,66.4
13605,Peñaflor,VACUNA SRP (TRIVIRICA) 1RA DOSIS,Cohorte_12M,767,791.0,97.0
13605,Peñaflor,VACUNA SRP (TRIVIRICA) 2DA DOSIS,Cohorte_36M,729,874.0,83.4
13605,Peñaflor,VACUNA VARICELA 1RA DOSIS,Cohorte_18M,833,890.0,93.6
13605,Peñaflor,VACUNA VARICELA 2DA DOSIS,Cohorte_36M,732,874.0,83.8
13605,Peñaflor,VACUNA VPH 4 BASICO,VPH_4basico,1136,1294.0,87.8
13605,Peñaflor,VACUNA VPH 5 BASICO,VPH_5basico,1004,1173.0,85.6
