COD_COMUNA_JOIN,VACUNA_DASHBOARD,CLAVE_DENOMINADOR,VACUNAS_ADMINISTRADAS
13101,VACUNA BCG,BCG_RN,4348
13101,VACUNA DTPA 1 BASICO,dTpa_1basico,3831
13101,VACUNA DTPA 8 BASICO,dTpa_8basico,4718
13101,VACUNA DTPA GESTANTES,dTpa_Gestantes,3325
13101,VACUNA HEPATITIS A PEDIATRICA,Cohorte_18M,3423
13101,VACUNA HEPATITIS B RN,HepB_RN,4401
13101,VACUNA HEXAVALENTE 1RA DOSIS,Cohorte_2M,3774
13101,VACUNA HEXAVALENTE 2DA DOSIS,Cohorte_4M,3599
13101,VACUNA HEXAVALENTE 3RA DOSIS,Hexavalente_3d_6m,3545
13101,VACUNA HEXAVALENTE REFUERZO,Hexavalente_ref_18m,3496
13101,VACUNA MENINGOCOCICA CONJUGADA DOSIS UNICA,Cohorte_12M,3653
13101,VACUNA MENINGOCOCICA RECOMBINANTE 1RA DOSIS,Cohorte_2M,3858
13101,VACUNA MENINGOCOCICA RECOMBINANTE 2DA DOSIS,Cohorte_4M,3652
13101,VACUNA MENINGOCOCICA RECOMBINANTE REFUERZO,Cohorte_18M,615
13101,VACUNA NEUMOCOCICA CONJUGADA 1RA DOSIS,Cohorte_2M,3783
13101,VACUNA NEUMOCOCICA CONJUGADA 2DA DOSIS,Cohorte_4M,3619
13101,VACUNA NEUMOCOCICA CONJUGADA REFUERZO,Cohorte_12M,3587
13101,VACUNA NEUMOCOCICA POLISACARIDA,Neumococica_Polisacarida_65,1666
13101,VACUNA SRP (TRIVIRICA) 1RA DOSIS,Cohorte_12M,3628
13101,VACUNA SRP (TRIVIRICA) 2DA DOSIS,Cohorte_36M,2662
13101,VACUNA VARICELA 1RA DOSIS,Cohorte_18M,3548
13101,VACUNA VARICELA 2DA DOSIS,Cohorte_36M,2800
13101,VACUNA VPH 4 BASICO,VPH_4basico,4103
13101,VACUNA VPH 5 BASICO,VPH_5basico,3751
13102,VACUNA BCG,BCG_RN,610
13102,VACUNA DTPA 1 BASICO,dTpa_1basico,797
13102,VACUNA DTPA 8 BASICO,dTpa_8basico,760
13102,VACUNA DTPA GESTANTES,dTpa_Gestantes,604
13102,VACUNA HEPATITIS A PEDIATRICA,Cohorte_18M,778
13102,VACUNA HEPATITIS B RN,HepB_RN,643
13102,VACUNA HEXAVALENTE 1RA DOSIS,Cohorte_2M,708
13102,VACUNA HEXAVALENTE 2DA DOSIS,Cohorte_4M,708
13102,VACUNA HEXAVALENTE 3RA DOSIS,Hexavalente_3d_6m,698
13102,VACUNA HEXAVALENTE REFUERZO,Hexavalente_ref_18m,784
13102,VACUNA MENINGOCOCICA CONJUGADA DOSIS UNICA,Cohorte_12M,734
13102,VACUNA MENINGOCOCICA RECOMBINANTE 1RA DOSIS,Cohorte_2M,711
13102,VACUNA MENINGOCOCICA RECOMBINANTE 2DA DOSIS,Cohorte_4M,708
13102,VACUNA MENINGOCOCICA RECOMBINANTE REFUERZO,Cohorte_18M,140
13102,VACUNA NEUMOCOCICA CONJUGADA 1RA DOSIS,Cohorte_2M,707
13102,VACUNA NEUMOCOCICA CONJUGADA 2DA DOSIS,Cohorte_4M,706
13102,VACUNA NEUMOCOCICA CONJUGADA REFUERZO,Cohorte_12M,733
13102,VACUNA NEUMOCOCICA POLISACARIDA,Neumococica_Polisacarida_65,418
13102,VACUNA SRP (TRIVIRICA) 1RA DOSIS,Cohorte_12M,735
13102,VACUNA SRP (TRIVIRICA) 2DA DOSIS,Cohorte_36M,650
13102,VACUNA VARICELA 1RA DOSIS,Cohorte_18M,788
13102,VACUNA VARICELA 2DA DOSIS,Cohorte_36M,668
13102,VACUNA VPH 4 BASICO,VPH_4basico,814
13102,VACUNA VPH 5 BASICO,VPH_5basico,729
13103,VACUNA BCG,BCG_RN,1156
13103,VACUNA DTPA 1 BASICO,dTpa_1basico,1197
13103,VACUNA DTPA 8 BASICO,dTpa_8basico,1142
13103,VACUNA DTPA GESTANTES,dTpa_Gestantes,988
13103,VACUNA HEPATITIS A PEDIATRICA,Cohorte_18M,1219
13103,VACUNA HEPATITIS B RN,HepB_RN,1155
13103,VACUNA HEXAVALENTE 1RA DOSIS,Cohorte_2M,1133
13103,VACUNA HEXAVALENTE 2DA DOSIS,Cohorte_4M,1126
13103,VACUNA HEXAVALENTE 3RA DOSIS,Hexavalente_3d_6m,1136
13103,VACUNA HEXAVALENTE REFUERZO,Hexavalente_ref_18m,1192
13103,VACUNA MENINGOCOCICA CONJUGADA DOSIS UNICA,Cohorte_12M,1146
13103,VACUNA MENINGOCOCICA RECOMBINANTE 1RA DOSIS,Cohorte_2M,1148
13103,VACUNA MENINGOCOCICA RECOMBINANTE 2DA DOSIS,Cohorte_4M,1132
13103,VACUNA MENINGOCOCICA RECOMBINANTE REFUERZO,Cohorte_18M,173
13103,VACUNA NEUMOCOCICA CONJUGADA 1RA DOSIS,Cohorte_2M,1137
13103,VACUNA NEUMOCOCICA CONJUGADA 2DA DOSIS,Cohorte_4M,1128
13103,VACUNA NEUMOCOCICA CONJUGADA REFUERZO,Cohorte_12M,1175
13103,VACUNA NEUMOCOCICA POLISACARIDA,Neumococica_Polisacarida_65,633
13103,VACUNA SRP (TRIVIRICA) 1RA DOSIS,Cohorte_12M,1184
13103,VACUNA SRP (TRIVIRICA) 2DA DOSIS,Cohorte_36M,991
13103,VACUNA VARICELA 1RA DOSIS,Cohorte_18M,1220
13103,VACUNA VARICELA 2DA DOSIS,Cohorte_36M,988
13103,VACUNA VPH 4 BASICO,VPH_4basico,1261
13103,VACUNA VPH 5 BASICO,VPH_5basico,1006
13104,VACUNA BCG,BCG_RN,877
13104,VACUNA DTPA 1 BASICO,dTpa_1basico,1308
13104,VACUNA DTPA 8 BASICO,dTpa_8basico,1283
13104,VACUNA DTPA GESTANTES,dTpa_Gestantes,819
13104,VACUNA HEPATITIS A PEDIATRICA,Cohorte_18M,1036
13104,VACUNA HEPATITIS B RN,HepB_RN,890
13104,VACUNA HEXAVALENTE 1RA DOSIS,Cohorte_2M,883
13104,VACUNA HEXAVALENTE 2DA DOSIS,Cohorte_4M,929
13104,VACUNA HEXAVALENTE 3RA DOSIS,Hexavalente_3d_6m,901
13104,VACUNA HEXAVALENTE REFUERZO,Hexavalente_ref_18m,1053
13104,VACUNA MENINGOCOCICA CONJUGADA DOSIS UNICA,Cohorte_12M,986
13104,VACUNA MENINGOCOCICA RECOMBINANTE 1RA DOSIS,Cohorte_2M,892
13104,VACUNA MENINGOCOCICA RECOMBINANTE 2DA DOSIS,Cohorte_4M,925
13104,VACUNA MENINGOCOCICA RECOMBINANTE REFUERZO,Cohorte_18M,151
13104,VACUNA NEUMOCOCICA CONJUGADA 1RA DOSIS,Cohorte_2M,884
13104,VACUNA NEUMOCOCICA CONJUGADA 2DA DOSIS,Cohorte_4M,927
13104,VACUNA NEUMOCOCICA CONJUGADA REFUERZO,Cohorte_12M,1021
13104,VACUNA NEUMOCOCICA POLISACARIDA,Neumococica_Polisacarida_65,618
13104,VACUNA SRP (TRIVIRICA) 1RA DOSIS,Cohorte_12M,1029
13104,VACUNA SRP (TRIVIRICA) 2DA DOSIS,Cohorte_36M,817
13104,VACUNA VARICELA 1RA DOSIS,Cohorte_18M,1049
13104,VACUNA VARICELA 2DA DOSIS,Cohorte_36M,836
13104,VACUNA VPH 4 BASICO,VPH_4basico,1445
13104,VACUNA VPH 5 BASICO,VPH_5basico,1199
13105,VACUNA BCG,BCG_RN,1141
13105,VACUNA DTPA 1 BASICO,dTpa_1basico,1924
13105,VACUNA DTPA 8 BASICO,dTpa_8basico,1869
13105,VACUNA DTPA GESTANTES,dTpa_Gestantes,1220
13105,VACUNA HEPATITIS A PEDIATRICA,Cohorte_18M,1574
13105,VACUNA HEPATITIS B RN,HepB_RN,1176
13105,VACUNA HEXAVALENTE 1RA DOSIS,Cohorte_2M,1277
13105,VACUNA HEXAVALENTE 2DA DOSIS,Cohorte_4M,1295
13105,VACUNA HEXAVALENTE 3RA DOSIS,Hexavalente_3d_6m,1355
13105,VACUNA HEXAVALENTE REFUERZO,Hexavalente_ref_18m,1571
13105,VACUNA MENINGOCOCICA CONJUGADA DOSIS UNICA,Cohorte_12M,1449
13105,VACUNA MENINGOCOCICA RECOMBINANTE 1RA DOSIS,Cohorte_2M,1290
13105,VACUNA MENINGOCOCICA RECOMBINANTE 2DA DOSIS,Cohorte_4M,1299
13105,VACUNA MENINGOCOCICA RECOMBINANTE REFUERZO,Cohorte_18M,231
13105,VACUNA NEUMOCOCICA CONJUGADA 1RA DOSIS,Cohorte_2M,1278
13105,VACUNA NEUMOCOCICA CONJUGADA 2DA DOSIS,Cohorte_4M,1299
13105,VACUNA NEUMOCOCICA CONJUGADA REFUERZO,Cohorte_12M,1438
13105,VACUNA NEUMOCOCICA POLISACARIDA,Neumococica_Polisacarida_65,1606
13105,VACUNA SRP (TRIVIRICA) 1RA DOSIS,Cohorte_12M,1442
13105,VACUNA SRP (TRIVIRICA) 2DA DOSIS,Cohorte_36M,1385
13105,VACUNA VARICELA 1RA DOSIS,Cohorte_18M,1574
13105,VACUNA VARICELA 2DA DOSIS,Cohorte_36M,1404
13105,VACUNA VPH 4 BASICO,VPH_4basico,2059
13105,VACUNA VPH 5 BASICO,VPH_5basico,1602
13106,VACUNA BCG,BCG_RN,1307
13106,VACUNA DTPA 1 BASICO,dTpa_1basico,1420
13106,VACUNA DTPA 8 BASICO,dTpa_8basico,1357
13106,VACUNA DTPA GESTANTES,dTpa_Gestantes,1274
13106,VACUNA HEPATITIS A PEDIATRICA,Cohorte_18M,1466
13106,VACUNA HEPATITIS B RN,HepB_RN,1311
13106,VACUNA HEXAVALENTE 1RA DOSIS,Cohorte_2M,1400
13106,VACUNA HEXAVALENTE 2DA DOSIS,Cohorte_4M,1433
13106,VACUNA HEXAVALENTE 3RA DOSIS,Hexavalente_3d_6m,1424
13106,VACUNA HEXAVALENTE REFUERZO,Hexavalente_ref_18m,1470
13106,VACUNA MENINGOCOCICA CONJUGADA DOSIS UNICA,Cohorte_12M,1498
13106,VACUNA MENINGOCOCICA RECOMBINANTE 1RA DOSIS,Cohorte_2M,1416
13106,VACUNA MENINGOCOCICA RECOMBINANTE 2DA DOSIS,Cohorte_4M,1429
13106,VACUNA MENINGOCOCICA RECOMBINANTE REFUERZO,Cohorte_18M,167
13106,VACUNA NEUMOCOCICA CONJUGADA 1RA DOSIS,Cohorte_2M,1408
13106,VACUNA NEUMOCOCICA CONJUGADA 2DA DOSIS,Cohorte_4M,1436
13106,VACUNA NEUMOCOCICA CONJUGADA REFUERZO,Cohorte_12M,1451
13106,VACUNA NEUMOCOCICA POLISACARIDA,Neumococica_Polisacarida_65,549
13106,VACUNA SRP (TRIVIRICA) 1RA DOSIS,Cohorte_12M,1472
13106,VACUNA SRP (TRIVIRICA) 2DA DOSIS,Cohorte_36M,1105
13106,VACUNA VARICELA 1RA DOSIS,Cohorte_18M,1496
13106,VACUNA VARICELA 2DA DOSIS,Cohorte_36M,1172
13106,VACUNA VPH 4 BASICO,VPH_4basico,1516
13106,VACUNA VPH 5 BASICO,VPH_5basico,1189
13107,VACUNA BCG,BCG_RN,824
13107,VACUNA DTPA 1 BASICO,dTpa_1basico,929
13107,VACUNA DTPA 8 BASICO,dTpa_8basico,1008
13107,VACUNA DTPA GESTANTES,dTpa_Gestantes,794
13107,VACUNA HEPATITIS A PEDIATRICA,Cohorte_18M,846
13107,VACUNA HEPATITIS B RN,HepB_RN,812
13107,VACUNA HEXAVALENTE 1RA DOSIS,Cohorte_2M,833
13107,VACUNA HEXAVALENTE 2DA DOSIS,Cohorte_4M,811
13107,VACUNA HEXAVALENTE 3RA DOSIS,Hexavalente_3d_6m,800
13107,VACUNA HEXAVALENTE REFUERZO,Hexavalente_ref_18m,870
13107,VACUNA MENINGOCOCICA CONJUGADA DOSIS UNICA,Cohorte_12M,841
13107,VACUNA MENINGOCOCICA RECOMBINANTE 1RA DOSIS,Cohorte_2M,837
13107,VACUNA MENINGOCOCICA RECOMBINANTE 2DA DOSIS,Cohorte_4M,815
13107,VACUNA MENINGOCOCICA RECOMBINANTE REFUERZO,Cohorte_18M,195
13107,VACUNA NEUMOCOCICA CONJUGADA 1RA DOSIS,Cohorte_2M,833
13107,VACUNA NEUMOCOCICA CONJUGADA 2DA DOSIS,Cohorte_4M,814
13107,VACUNA NEUMOCOCICA CONJUGADA REFUERZO,Cohorte_12M,857
13107,VACUNA NEUMOCOCICA POLISACARIDA,Neumococica_Polisacarida_65,480
13107,VACUNA SRP (TRIVIRICA) 1RA DOSIS,Cohorte_12M,854
13107,VACUNA SRP (TRIVIRICA) 2DA DOSIS,Cohorte_36M,744
13107,VACUNA VARICELA 1RA DOSIS,Cohorte_18M,907
13107,VACUNA VARICELA 2DA DOSIS,Cohorte_36M,779
13107,VACUNA VPH 4 BASICO,VPH_4basico,1063
13107,VACUNA VPH 5 BASICO,VPH_5basico,915
13108,VACUNA BCG,BCG_RN,1127
13108,VACUNA DTPA 1 BASICO,dTpa_1basico,1256
13108,VACUNA DTPA 8 BASICO,dTpa_8basico,1280
13108,VACUNA DTPA GESTANTES,dTpa_Gestantes,987
13108,VACUNA HEPATITIS A PEDIATRICA,Cohorte_18M,1166
13108,VACUNA HEPATITIS B RN,HepB_RN,1129
13108,VACUNA HEXAVALENTE 1RA DOSIS,Cohorte_2M,1087
13108,VACUNA HEXAVALENTE 2DA DOSIS,Cohorte_4M,1049
13108,VACUNA HEXAVALENTE 3RA DOSIS,Hexavalente_3d_6m,1072
13108,VACUNA HEXAVALENTE REFUERZO,Hexavalente_ref_18m,1155
13108,VACUNA MENINGOCOCICA CONJUGADA DOSIS UNICA,Cohorte_12M,1151
13108,VACUNA MENINGOCOCICA RECOMBINANTE 1RA DOSIS,Cohorte_2M,1134
13108,VACUNA MENINGOCOCICA RECOMBINANTE 2DA DOSIS,Cohorte_4M,1089
13108,VACUNA MENINGOCOCICA RECOMBINANTE REFUERZO,Cohorte_18M,173
13108,VACUNA NEUMOCOCICA CONJUGADA 1RA DOSIS,Cohorte_2M,1097
13108,VACUNA NEUMOCOCICA CONJUGADA 2DA DOSIS,Cohorte_4M,1050
13108,VACUNA NEUMOCOCICA CONJUGADA REFUERZO,Cohorte_12M,1114
13108,VACUNA NEUMOCOCICA POLISACARIDA,Neumococica_Polisacarida_65,838
13108,VACUNA SRP (TRIVIRICA) 1RA DOSIS,Cohorte_12M,1115
13108,VACUNA SRP (TRIVIRICA) 2DA DOSIS,Cohorte_36M,928
13108,VACUNA VARICELA 1RA DOSIS,Cohorte_18M,1181
13108,VACUNA VARICELA 2DA DOSIS,Cohorte_36M,1000
13108,VACUNA VPH 4 BASICO,VPH_4basico,1260
13108,VACUNA VPH 5 BASICO,VPH_5basico,1138
13109,VACUNA BCG,BCG_RN,793
13109,VACUNA DTPA 1 BASICO,dTpa_1basico,1375
13109,VACUNA DTPA 8 BASICO,dTpa_8basico,1750
13109,VACUNA DTPA GESTANTES,dTpa_Gestantes,698
13109,VACUNA HEPATITIS A PEDIATRICA,Cohorte_18M,782
13109,VACUNA HEPATITIS B RN,HepB_RN,792
13109,VACUNA HEXAVALENTE 1RA DOSIS,Cohorte_2M,764
13109,VACUNA HEXAVALENTE 2DA DOSIS,Cohorte_4M,798
13109,VACUNA HEXAVALENTE 3RA DOSIS,Hexavalente_3d_6m,769
13109,VACUNA HEXAVALENTE REFUERZO,Hexavalente_ref_18m,788
13109,VACUNA MENINGOCOCICA CONJUGADA DOSIS UNICA,Cohorte_12M,833
13109,VACUNA MENINGOCOCICA RECOMBINANTE 1RA DOSIS,Cohorte_2M,765
13109,VACUNA MENINGOCOCICA RECOMBINANTE 2DA DOSIS,Cohorte_4M,798
13109,VACUNA MENINGOCOCICA RECOMBINANTE REFUERZO,Cohorte_18M,128
13109,VACUNA NEUMOCOCICA CONJUGADA 1RA DOSIS,Cohorte_2M,768
13109,VACUNA NEUMOCOCICA CONJUGADA 2DA DOSIS,Cohorte_4M,798
13109,VACUNA NEUMOCOCICA CONJUGADA REFUERZO,Cohorte_12M,821
13109,VACUNA NEUMOCOCICA POLISACARIDA,Neumococica_Polisacarida_65,836
13109,VACUNA SRP (TRIVIRICA) 1RA DOSIS,Cohorte_12M,830
13109,VACUNA SRP (TRIVIRICA) 2DA DOSIS,Cohorte_36M,723
13109,VACUNA VARICELA 1RA DOSIS,Cohorte_18M,800
13109,VACUNA VARICELA 2DA DOSIS,Cohorte_36M,733
13109,VACUNA VPH 4 BASICO,VPH_4basico,1500
13109,VACUNA VPH 5 BASICO,VPH_5basico,1377
13110,VACUNA BCG,BCG_RN,3163
13110,VACUNA DTPA 1 BASICO,dTpa_1basico,4248
13110,VACUNA DTPA 8 BASICO,dTpa_8basico,4755
13110,VACUNA DTPA GESTANTES,dTpa_Gestantes,2935
13110,VACUNA HEPATITIS A PEDIATRICA,Cohorte_18M,3409
13110,VACUNA HEPATITIS B RN,HepB_RN,3146
13110,VACUNA HEXAVALENTE 1RA DOSIS,Cohorte_2M,3425
13110,VACUNA HEXAVALENTE 2DA DOSIS,Cohorte_4M,3545
13110,VACUNA HEXAVALENTE 3RA DOSIS,Hexavalente_3d_6m,3505
13110,VACUNA HEXAVALENTE REFUERZO,Hexavalente_ref_18m,3424
13110,VACUNA MENINGOCOCICA CONJUGADA DOSIS UNICA,Cohorte_12M,3503
13110,VACUNA MENINGOCOCICA RECOMBINANTE 1RA DOSIS,Cohorte_2M,3435
13110,VACUNA MENINGOCOCICA RECOMBINANTE 2DA DOSIS,Cohorte_4M,3539
13110,VACUNA MENINGOCOCICA RECOMBINANTE REFUERZO,Cohorte_18M,569
13110,VACUNA NEUMOCOCICA CONJUGADA 1RA DOSIS,Cohorte_2M,3428
13110,VACUNA NEUMOCOCICA CONJUGADA 2DA DOSIS,Cohorte_4M,3543
13110,VACUNA NEUMOCOCICA CONJUGADA REFUERZO,Cohorte_12M,3512
13110,VACUNA NEUMOCOCICA POLISACARIDA,Neumococica_Polisacarida_65,2975
13110,VACUNA SRP (TRIVIRICA) 1RA DOSIS,Cohorte_12M,3542
13110,VACUNA SRP (TRIVIRICA) 2DA DOSIS,Cohorte_36M,2855
13110,VACUNA VARICELA 1RA DOSIS,Cohorte_18M,3459
13110,VACUNA VARICELA 2DA DOSIS,Cohorte_36M,2882
13110,VACUNA VPH 4 BASICO,VPH_4basico,4614
13110,VACUNA VPH 5 BASICO,VPH_5basico,4040
13111,VACUNA BCG,BCG_RN,796
13111,VACUNA DTPA 1 BASICO,dTpa_1basico,1140
13111,VACUNA DTPA 8 BASICO,dTpa_8basico,1184
13111,VACUNA DTPA GESTANTES,dTpa_Gestantes,858
13111,VACUNA HEPATITIS A PEDIATRICA,Cohorte_18M,1048
13111,VACUNA HEPATITIS B RN,HepB_RN,792
13111,VACUNA HEXAVALENTE 1RA DOSIS,Cohorte_2M,938
13111,VACUNA HEXAVALENTE 2DA DOSIS,Cohorte_4M,962
13111,VACUNA HEXAVALENTE 3RA DOSIS,Hexavalente_3d_6m,968
13111,VACUNA HEXAVALENTE REFUERZO,Hexavalente_ref_18m,1051
13111,VACUNA MENINGOCOCICA CONJUGADA DOSIS UNICA,Cohorte_12M,1004
13111,VACUNA MENINGOCOCICA RECOMBINANTE 1RA DOSIS,Cohorte_2M,945
13111,VACUNA MENINGOCOCICA RECOMBINANTE 2DA DOSIS,Cohorte_4M,967
13111,VACUNA MENINGOCOCICA RECOMBINANTE REFUERZO,Cohorte_18M,181
13111,VACUNA NEUMOCOCICA CONJUGADA 1RA DOSIS,Cohorte_2M,941
13111,VACUNA NEUMOCOCICA CONJUGADA 2DA DOSIS,Cohorte_4M,965
13111,VACUNA NEUMOCOCICA CONJUGADA REFUERZO,Cohorte_12M,1011
13111,VACUNA NEUMOCOCICA POLISACARIDA,Neumococica_Polisacarida_65,869
13111,VACUNA SRP (TRIVIRICA) 1RA DOSIS,Cohorte_12M,1009
13111,VACUNA SRP (TRIVIRICA) 2DA DOSIS,Cohorte_36M,973
13111,VACUNA VARICELA 1RA DOSIS,Cohorte_18M,1043
13111,VACUNA VARICELA 2DA DOSIS,Cohorte_36M,980
13111,VACUNA VPH 4 BASICO,VPH_4basico,1284
13111,VACUNA VPH 5 BASICO,VPH_5basico,1105
13112,VACUNA BCG,BCG_RN,1374
13112,VACUNA DTPA 1 BASICO,dTpa_1basico,1960
13112,VACUNA DTPA 8 BASICO,dTpa_8basico,1898
13112,VACUNA DTPA GESTANTES,dTpa_Gestantes,1230
13112,VACUNA HEPATITIS A PEDIATRICA,Cohorte_18M,1511
13112,VACUNA HEPATITIS B RN,HepB_RN,1396
13112,VACUNA HEXAVALENTE 1RA DOSIS,Cohorte_2M,1345
13112,VACUNA HEXAVALENTE 2DA DOSIS,Cohorte_4M,1366
13112,VACUNA HEXAVALENTE 3RA DOSIS,Hexavalente_3d_6m,1394
13112,VACUNA HEXAVALENTE REFUERZO,Hexavalente_ref_18m,1519
13112,VACUNA MENINGOCOCICA CONJUGADA DOSIS UNICA,Cohorte_12M,1430
13112,VACUNA MENINGOCOCICA RECOMBINANTE 1RA DOSIS,Cohorte_2M,1349
13112,VACUNA MENINGOCOCICA RECOMBINANTE 2DA DOSIS,Cohorte_4M,1369
13112,VACUNA MENINGOCOCICA RECOMBINANTE REFUERZO,Cohorte_18M,220
13112,VACUNA NEUMOCOCICA CONJUGADA 1RA DOSIS,Cohorte_2M,1344
13112,VACUNA NEUMOCOCICA CONJUGADA 2DA DOSIS,Cohorte_4M,1367
13112,VACUNA NEUMOCOCICA CONJUGADA REFUERZO,Cohorte_12M,1427
13112,VACUNA NEUMOCOCICA POLISACARIDA,Neumococica_Polisacarida_65,856
13112,VACUNA SRP (TRIVIRICA) 1RA DOSIS,Cohorte_12M,1452
13112,VACUNA SRP (TRIVIRICA) 2DA DOSIS,Cohorte_36M,1393
13112,VACUNA VARICELA 1RA DOSIS,Cohorte_18M,1509
13112,VACUNA VARICELA 2DA DOSIS,Cohorte_36M,1400
13112,VACUNA VPH 4 BASICO,VPH_4basico,2051
13112,VACUNA VPH 5 BASICO,VPH_5basico,1659
13113,VACUNA BCG,BCG_RN,513
13113,VACUNA DTPA 1 BASICO,dTpa_1basico,1441
13113,VACUNA DTPA 8 BASICO,dTpa_8basico,1517
13113,VACUNA DTPA GESTANTES,dTpa_Gestantes,444
13113,VACUNA HEPATITIS A PEDIATRICA,Cohorte_18M,502
13113,VACUNA HEPATITIS B RN,HepB_RN,493
13113,VACUNA HEXAVALENTE 1RA DOSIS,Cohorte_2M,496
13113,VACUNA HEXAVALENTE 2DA DOSIS,Cohorte_4M,528
13113,VACUNA HEXAVALENTE 3RA DOSIS,Hexavalente_3d_6m,536
13113,VACUNA HEXAVALENTE REFUERZO,Hexavalente_ref_18m,614
13113,VACUNA MENINGOCOCICA CONJUGADA DOSIS UNICA,Cohorte_12M,546
13113,VACUNA MENINGOCOCICA RECOMBINANTE 1RA DOSIS,Cohorte_2M,507
13113,VACUNA MENINGOCOCICA RECOMBINANTE 2DA DOSIS,Cohorte_4M,532
13113,VACUNA MENINGOCOCICA RECOMBINANTE REFUERZO,Cohorte_18M,133
13113,VACUNA NEUMOCOCICA CONJUGADA 1RA DOSIS,Cohorte_2M,496
13113,VACUNA NEUMOCOCICA CONJUGADA 2DA DOSIS,Cohorte_4M,533
13113,VACUNA NEUMOCOCICA CONJUGADA REFUERZO,Cohorte_12M,574
13113,VACUNA NEUMOCOCICA POLISACARIDA,Neumococica_Polisacarida_65,685
13113,VACUNA SRP (TRIVIRICA) 1RA DOSIS,Cohorte_12M,578
13113,VACUNA SRP (TRIVIRICA) 2DA DOSIS,Cohorte_36M,551
13113,VACUNA VARICELA 1RA DOSIS,Cohorte_18M,629
13113,VACUNA VARICELA 2DA DOSIS,Cohorte_36M,570
13113,VACUNA VPH 4 BASICO,VPH_4basico,1689
13113,VACUNA VPH 5 BASICO,VPH_5basico,1391
13114,VACUNA BCG,BCG_RN,2616
13114,VACUNA DTPA 1 BASICO,dTpa_1basico,2530
13114,VACUNA DTPA 8 BASICO,dTpa_8basico,2708
13114,VACUNA DTPA GESTANTES,dTpa_Gestantes,2825
13114,VACUNA HEPATITIS A PEDIATRICA,Cohorte_18M,2221
13114,VACUNA HEPATITIS B RN,HepB_RN,2698
13114,VACUNA HEXAVALENTE 1RA DOSIS,Cohorte_2M,2855
13114,VACUNA HEXAVALENTE 2DA DOSIS,Cohorte_4M,2882
13114,VACUNA HEXAVALENTE 3RA DOSIS,Hexavalente_3d_6m,2916
13114,VACUNA HEXAVALENTE REFUERZO,Hexavalente_ref_18m,2855
13114,VACUNA MENINGOCOCICA CONJUGADA DOSIS UNICA,Cohorte_12M,2814
13114,VACUNA MENINGOCOCICA RECOMBINANTE 1RA DOSIS,Cohorte_2M,2920
13114,VACUNA MENINGOCOCICA RECOMBINANTE 2DA DOSIS,Cohorte_4M,2911
13114,VACUNA MENINGOCOCICA RECOMBINANTE REFUERZO,Cohorte_18M,726
13114,VACUNA NEUMOCOCICA CONJUGADA 1RA DOSIS,Cohorte_2M,2861
13114,VACUNA NEUMOCOCICA CONJUGADA 2DA DOSIS,Cohorte_4M,2892
13114,VACUNA NEUMOCOCICA CONJUGADA REFUERZO,Cohorte_12M,2994
13114,VACUNA NEUMOCOCICA POLISACARIDA,Neumococica_Polisacarida_65,1844
13114,VACUNA SRP (TRIVIRICA) 1RA DOSIS,Cohorte_12M,2986
13114,VACUNA SRP (TRIVIRICA) 2DA DOSIS,Cohorte_36M,2434
13114,VACUNA VARICELA 1RA DOSIS,Cohorte_18M,2901
13114,VACUNA VARICELA 2DA DOSIS,Cohorte_36M,2503
13114,VACUNA VPH 4 BASICO,VPH_4basico,2517
13114,VACUNA VPH 5 BASICO,VPH_5basico,2334
13115,VACUNA BCG,BCG_RN,908
13115,VACUNA DTPA 1 BASICO,dTpa_1basico,1250
13115,VACUNA DTPA 8 BASICO,dTpa_8basico,1397
13115,VACUNA DTPA GESTANTES,dTpa_Gestantes,853
13115,VACUNA HEPATITIS A PEDIATRICA,Cohorte_18M,1036
13115,VACUNA HEPATITIS B RN,HepB_RN,850
13115,VACUNA HEXAVALENTE 1RA DOSIS,Cohorte_2M,991
13115,VACUNA HEXAVALENTE 2DA DOSIS,Cohorte_4M,962
13115,VACUNA HEXAVALENTE 3RA DOSIS,Hexavalente_3d_6m,1018
13115,VACUNA HEXAVALENTE REFUERZO,Hexavalente_ref_18m,1106
13115,VACUNA MENINGOCOCICA CONJUGADA DOSIS UNICA,Cohorte_12M,1099
13115,VACUNA MENINGOCOCICA RECOMBINANTE 1RA DOSIS,Cohorte_2M,1023
13115,VACUNA MENINGOCOCICA RECOMBINANTE 2DA DOSIS,Cohorte_4M,986
13115,VACUNA MENINGOCOCICA RECOMBINANTE REFUERZO,Cohorte_18M,268
13115,VACUNA NEUMOCOCICA CONJUGADA 1RA DOSIS,Cohorte_2M,987
13115,VACUNA NEUMOCOCICA CONJUGADA 2DA DOSIS,Cohorte_4M,964
13115,VACUNA NEUMOCOCICA CONJUGADA REFUERZO,Cohorte_12M,1127
13115,VACUNA NEUMOCOCICA POLISACARIDA,Neumococica_Polisacarida_65,435
13115,VACUNA SRP (TRIVIRICA) 1RA DOSIS,Cohorte_12M,1131
13115,VACUNA SRP (TRIVIRICA) 2DA DOSIS,Cohorte_36M,1026
13115,VACUNA VARICELA 1RA DOSIS,Cohorte_18M,1142
13115,VACUNA VARICELA 2DA DOSIS,Cohorte_36M,1050
13115,VACUNA VPH 4 BASICO,VPH_4basico,1407
13115,VACUNA VPH 5 BASICO,VPH_5basico,1195
13116,VACUNA BCG,BCG_RN,683
13116,VACUNA DTPA 1 BASICO,dTpa_1basico,748
13116,VACUNA DTPA 8 BASICO,dTpa_8basico,718
13116,VACUNA DTPA GESTANTES,dTpa_Gestantes,653
13116,VACUNA HEPATITIS A PEDIATRICA,Cohorte_18M,879
13116,VACUNA HEPATITIS B RN,HepB_RN,678
13116,VACUNA HEXAVALENTE 1RA DOSIS,Cohorte_2M,739
13116,VACUNA HEXAVALENTE 2DA DOSIS,Cohorte_4M,753
13116,VACUNA HEXAVALENTE 3RA DOSIS,Hexavalente_3d_6m,760
13116,VACUNA HEXAVALENTE REFUERZO,Hexavalente_ref_18m,873
13116,VACUNA MENINGOCOCICA CONJUGADA DOSIS UNICA,Cohorte_12M,873
13116,VACUNA MENINGOCOCICA RECOMBINANTE 1RA DOSIS,Cohorte_2M,757
13116,VACUNA MENINGOCOCICA RECOMBINANTE 2DA DOSIS,Cohorte_4M,759
13116,VACUNA MENINGOCOCICA RECOMBINANTE REFUERZO,Cohorte_18M,136
13116,VACUNA NEUMOCOCICA CONJUGADA 1RA DOSIS,Cohorte_2M,746
13116,VACUNA NEUMOCOCICA CONJUGADA 2DA DOSIS,Cohorte_4M,754
13116,VACUNA NEUMOCOCICA CONJUGADA REFUERZO,Cohorte_12M,868
13116,VACUNA NEUMOCOCICA POLISACARIDA,Neumococica_Polisacarida_65,878
13116,VACUNA SRP (TRIVIRICA) 1RA DOSIS,Cohorte_12M,871
13116,VACUNA SRP (TRIVIRICA) 2DA DOSIS,Cohorte_36M,782
13116,VACUNA VARICELA 1RA DOSIS,Cohorte_18M,878
13116,VACUNA VARICELA 2DA DOSIS,Cohorte_36M,798
13116,VACUNA VPH 4 BASICO,VPH_4basico,695
13116,VACUNA VPH 5 BASICO,VPH_5basico,615
13117,VACUNA BCG,BCG_RN,599
13117,VACUNA DTPA 1 BASICO,dTpa_1basico,838
13117,VACUNA DTPA 8 BASICO,dTpa_8basico,825
13117,VACUNA DTPA GESTANTES,dTpa_Gestantes,727
13117,VACUNA HEPATITIS A PEDIATRICA,Cohorte_18M,1008
13117,VACUNA HEPATITIS B RN,HepB_RN,616
13117,VACUNA HEXAVALENTE 1RA DOSIS,Cohorte_2M,757
13117,VACUNA HEXAVALENTE 2DA DOSIS,Cohorte_4M,818
13117,VACUNA HEXAVALENTE 3RA DOSIS,Hexavalente_3d_6m,856
13117,VACUNA HEXAVALENTE REFUERZO,Hexavalente_ref_18m,1002
13117,VACUNA MENINGOCOCICA CONJUGADA DOSIS UNICA,Cohorte_12M,951
13117,VACUNA MENINGOCOCICA RECOMBINANTE 1RA DOSIS,Cohorte_2M,765
13117,VACUNA MENINGOCOCICA RECOMBINANTE 2DA DOSIS,Cohorte_4M,826
13117,VACUNA MENINGOCOCICA RECOMBINANTE REFUERZO,Cohorte_18M,163
13117,VACUNA NEUMOCOCICA CONJUGADA 1RA DOSIS,Cohorte_2M,761
13117,VACUNA NEUMOCOCICA CONJUGADA 2DA DOSIS,Cohorte_4M,819
13117,VACUNA NEUMOCOCICA CONJUGADA REFUERZO,Cohorte_12M,937
13117,VACUNA NEUMOCOCICA POLISACARIDA,Neumococica_Polisacarida_65,749
13117,VACUNA SRP (TRIVIRICA) 1RA DOSIS,Cohorte_12M,949
13117,VACUNA SRP (TRIVIRICA) 2DA DOSIS,Cohorte_36M,848
13117,VACUNA VARICELA 1RA DOSIS,Cohorte_18M,1021
13117,VACUNA VARICELA 2DA DOSIS,Cohorte_36M,874
13117,VACUNA VPH 4 BASICO,VPH_4basico,995
13117,VACUNA VPH 5 BASICO,VPH_5basico,747
13118,VACUNA BCG,BCG_RN,923
13118,VACUNA DTPA 1 BASICO,dTpa_1basico,908
13118,VACUNA DTPA 8 BASICO,dTpa_8basico,960
13118,VACUNA DTPA GESTANTES,dTpa_Gestantes,758
13118,VACUNA HEPATITIS A PEDIATRICA,Cohorte_18M,871
13118,VACUNA HEPATITIS B RN,HepB_RN,915
13118,VACUNA HEXAVALENTE 1RA DOSIS,Cohorte_2M,847
13118,VACUNA HEXAVALENTE 2DA DOSIS,Cohorte_4M,850
13118,VACUNA HEXAVALENTE 3RA DOSIS,Hexavalente_3d_6m,854
13118,VACUNA HEXAVALENTE REFUERZO,Hexavalente_ref_18m,906
13118,VACUNA MENINGOCOCICA CONJUGADA DOSIS UNICA,Cohorte_12M,867
13118,VACUNA MENINGOCOCICA RECOMBINANTE 1RA DOSIS,Cohorte_2M,855
13118,VACUNA MENINGOCOCICA RECOMBINANTE 2DA DOSIS,Cohorte_4M,849
13118,VACUNA MENINGOCOCICA RECOMBINANTE REFUERZO,Cohorte_18M,174
13118,VACUNA NEUMOCOCICA CONJUGADA 1RA DOSIS,Cohorte_2M,847
13118,VACUNA NEUMOCOCICA CONJUGADA 2DA DOSIS,Cohorte_4M,845
13118,VACUNA NEUMOCOCICA CONJUGADA REFUERZO,Cohorte_12M,875
13118,VACUNA NEUMOCOCICA POLISACARIDA,Neumococica_Polisacarida_65,675
13118,VACUNA SRP (TRIVIRICA) 1RA DOSIS,Cohorte_12M,887
13118,VACUNA SRP (TRIVIRICA) 2DA DOSIS,Cohorte_36M,726
13118,VACUNA VARICELA 1RA DOSIS,Cohorte_18M,913
13118,VACUNA VARICELA 2DA DOSIS,Cohorte_36M,736
13118,VACUNA VPH 4 BASICO,VPH_4basico,1103
13118,VACUNA VPH 5 BASICO,VPH_5basico,924
13119,VACUNA BCG,BCG_RN,3439
13119,VACUNA DTPA 1 BASICO,dTpa_1basico,5063
13119,VACUNA DTPA 8 BASICO,dTpa_8basico,5677
13119,VACUNA DTPA GESTANTES,dTpa_Gestantes,2689
13119,VACUNA HEPATITIS A PEDIATRICA,Cohorte_18M,3493
13119,VACUNA HEPATITIS B RN,HepB_RN,3410
13119,VACUNA HEXAVALENTE 1RA DOSIS,Cohorte_2M,3217
13119,VACUNA HEXAVALENTE 2DA DOSIS,Cohorte_4M,3217
13119,VACUNA HEXAVALENTE 3RA DOSIS,Hexavalente_3d_6m,3216
13119,VACUNA HEXAVALENTE REFUERZO,Hexavalente_ref_18m,3529
13119,VACUNA MENINGOCOCICA CONJUGADA DOSIS UNICA,Cohorte_12M,3428
13119,VACUNA MENINGOCOCICA RECOMBINANTE 1RA DOSIS,Cohorte_2M,3239
13119,VACUNA MENINGOCOCICA RECOMBINANTE 2DA DOSIS,Cohorte_4M,3221
13119,VACUNA MENINGOCOCICA RECOMBINANTE REFUERZO,Cohorte_18M,580
13119,VACUNA NEUMOCOCICA CONJUGADA 1RA DOSIS,Cohorte_2M,3223
13119,VACUNA NEUMOCOCICA CONJUGADA 2DA DOSIS,Cohorte_4M,3218
13119,VACUNA NEUMOCOCICA CONJUGADA REFUERZO,Cohorte_12M,3444
13119,VACUNA NEUMOCOCICA POLISACARIDA,Neumococica_Polisacarida_65,3103
13119,VACUNA SRP (TRIVIRICA) 1RA DOSIS,Cohorte_12M,3460
13119,VACUNA SRP (TRIVIRICA) 2DA DOSIS,Cohorte_36M,2904
13119,VACUNA VARICELA 1RA DOSIS,Cohorte_18M,3607
13119,VACUNA VARICELA 2DA DOSIS,Cohorte_36M,3014
13119,VACUNA VPH 4 BASICO,VPH_4basico,5648
13119,VACUNA VPH 5 BASICO,VPH_5basico,4932
13120,VACUNA BCG,BCG_RN,1924
13120,VACUNA DTPA 1 BASICO,dTpa_1basico,2040
13120,VACUNA DTPA 8 BASICO,dTpa_8basico,2314
13120,VACUNA DTPA GESTANTES,dTpa_Gestantes,1877
13120,VACUNA HEPATITIS A PEDIATRICA,Cohorte_18M,1704
13120,VACUNA HEPATITIS B RN,HepB_RN,1885
13120,VACUNA HEXAVALENTE 1RA DOSIS,Cohorte_2M,2028
13120,VACUNA HEXAVALENTE 2DA DOSIS,Cohorte_4M,1972
13120,VACUNA HEXAVALENTE 3RA DOSIS,Hexavalente_3d_6m,1952
13120,VACUNA HEXAVALENTE REFUERZO,Hexavalente_ref_18m,2006
13120,VACUNA MENINGOCOCICA CONJUGADA DOSIS UNICA,Cohorte_12M,1949
13120,VACUNA MENINGOCOCICA RECOMBINANTE 1RA DOSIS,Cohorte_2M,2044
13120,VACUNA MENINGOCOCICA RECOMBINANTE 2DA DOSIS,Cohorte_4M,1977
13120,VACUNA MENINGOCOCICA RECOMBINANTE REFUERZO,Cohorte_18M,491
13120,VACUNA NEUMOCOCICA CONJUGADA 1RA DOSIS,Cohorte_2M,2028
13120,VACUNA NEUMOCOCICA CONJUGADA 2DA DOSIS,Cohorte_4M,1971
13120,VACUNA NEUMOCOCICA CONJUGADA REFUERZO,Cohorte_12M,1985
13120,VACUNA NEUMOCOCICA POLISACARIDA,Neumococica_Polisacarida_65,1361
13120,VACUNA SRP (TRIVIRICA) 1RA DOSIS,Cohorte_12M,1985
13120,VACUNA SRP (TRIVIRICA) 2DA DOSIS,Cohorte_36M,1605
13120,VACUNA VARICELA 1RA DOSIS,Cohorte_18M,2051
13120,VACUNA VARICELA 2DA DOSIS,Cohorte_36M,1655
13120,VACUNA VPH 4 BASICO,VPH_4basico,2097
13120,VACUNA VPH 5 BASICO,VPH_5basico,1899
13121,VACUNA BCG,BCG_RN,668
13121,VACUNA DTPA 1 BASICO,dTpa_1basico,997
13121,VACUNA DTPA 8 BASICO,dTpa_8basico,969
13121,VACUNA DTPA GESTANTES,dTpa_Gestantes,667
13121,VACUNA HEPATITIS A PEDIATRICA,Cohorte_18M,933
13121,VACUNA HEPATITIS B RN,HepB_RN,657
13121,VACUNA HEXAVALENTE 1RA DOSIS,Cohorte_2M,686
13121,VACUNA HEXAVALENTE 2DA DOSIS,Cohorte_4M,687
13121,VACUNA HEXAVALENTE 3RA DOSIS,Hexavalente_3d_6m,712
13121,VACUNA HEXAVALENTE REFUERZO,Hexavalente_ref_18m,937
13121,VACUNA MENINGOCOCICA CONJUGADA DOSIS UNICA,Cohorte_12M,821
13121,VACUNA MENINGOCOCICA RECOMBINANTE 1RA DOSIS,Cohorte_2M,689
13121,VACUNA MENINGOCOCICA RECOMBINANTE 2DA DOSIS,Cohorte_4M,687
13121,VACUNA MENINGOCOCICA RECOMBINANTE REFUERZO,Cohorte_18M,148
13121,VACUNA NEUMOCOCICA CONJUGADA 1RA DOSIS,Cohorte_2M,687
13121,VACUNA NEUMOCOCICA CONJUGADA 2DA DOSIS,Cohorte_4M,685
13121,VACUNA NEUMOCOCICA CONJUGADA REFUERZO,Cohorte_12M,821
13121,VACUNA NEUMOCOCICA POLISACARIDA,Neumococica_Polisacarida_65,771
13121,VACUNA SRP (TRIVIRICA) 1RA DOSIS,Cohorte_12M,825
13121,VACUNA SRP (TRIVIRICA) 2DA DOSIS,Cohorte_36M,799
13121,VACUNA VARICELA 1RA DOSIS,Cohorte_18M,940
13121,VACUNA VARICELA 2DA DOSIS,Cohorte_36M,815
13121,VACUNA VPH 4 BASICO,VPH_4basico,1075
13121,VACUNA VPH 5 BASICO,VPH_5basico,927
13122,VACUNA BCG,BCG_RN,1631
13122,VACUNA DTPA 1 BASICO,dTpa_1basico,2168
13122,VACUNA DTPA 8 BASICO,dTpa_8basico,2597
13122,VACUNA DTPA GESTANTES,dTpa_Gestantes,1540
13122,VACUNA HEPATITIS A PEDIATRICA,Cohorte_18M,1896
13122,VACUNA HEPATITIS B RN,HepB_RN,1646
13122,VACUNA HEXAVALENTE 1RA DOSIS,Cohorte_2M,1773
13122,VACUNA HEXAVALENTE 2DA DOSIS,Cohorte_4M,1820
13122,VACUNA HEXAVALENTE 3RA DOSIS,Hexavalente_3d_6m,1853
13122,VACUNA HEXAVALENTE REFUERZO,Hexavalente_ref_18m,2069
13122,VACUNA MENINGOCOCICA CONJUGADA DOSIS UNICA,Cohorte_12M,1936
13122,VACUNA MENINGOCOCICA RECOMBINANTE 1RA DOSIS,Cohorte_2M,1776
13122,VACUNA MENINGOCOCICA RECOMBINANTE 2DA DOSIS,Cohorte_4M,1814
13122,VACUNA MENINGOCOCICA RECOMBINANTE REFUERZO,Cohorte_18M,349
13122,VACUNA NEUMOCOCICA CONJUGADA 1RA DOSIS,Cohorte_2M,1768
13122,VACUNA NEUMOCOCICA CONJUGADA 2DA DOSIS,Cohorte_4M,1810
13122,VACUNA NEUMOCOCICA CONJUGADA REFUERZO,Cohorte_12M,2010
13122,VACUNA NEUMOCOCICA POLISACARIDA,Neumococica_Polisacarida_65,1029
13122,VACUNA SRP (TRIVIRICA) 1RA DOSIS,Cohorte_12M,2024
13122,VACUNA SRP (TRIVIRICA) 2DA DOSIS,Cohorte_36M,1710
13122,VACUNA VARICELA 1RA DOSIS,Cohorte_18M,2118
13122,VACUNA VARICELA 2DA DOSIS,Cohorte_36M,1755
13122,VACUNA VPH 4 BASICO,VPH_4basico,2585
13122,VACUNA VPH 5 BASICO,VPH_5basico,2131
13123,VACUNA BCG,BCG_RN,1234
13123,VACUNA DTPA 1 BASICO,dTpa_1basico,1484
13123,VACUNA DTPA 8 BASICO,dTpa_8basico,2032
13123,VACUNA DTPA GESTANTES,dTpa_Gestantes,1228
13123,VACUNA HEPATITIS A PEDIATRICA,Cohorte_18M,1047
13123,VACUNA HEPATITIS B RN,HepB_RN,1179
13123,VACUNA HEXAVALENTE 1RA DOSIS,Cohorte_2M,1287
13123,VACUNA HEXAVALENTE 2DA DOSIS,Cohorte_4M,1245
13123,VACUNA HEXAVALENTE 3RA DOSIS,Hexavalente_3d_6m,1234
13123,VACUNA HEXAVALENTE REFUERZO,Hexavalente_ref_18m,1208
13123,VACUNA MENINGOCOCICA CONJUGADA DOSIS UNICA,Cohorte_12M,1142
13123,VACUNA MENINGOCOCICA RECOMBINANTE 1RA DOSIS,Cohorte_2M,1290
13123,VACUNA MENINGOCOCICA RECOMBINANTE 2DA DOSIS,Cohorte_4M,1238
13123,VACUNA MENINGOCOCICA RECOMBINANTE REFUERZO,Cohorte_18M,271
13123,VACUNA NEUMOCOCICA CONJUGADA 1RA DOSIS,Cohorte_2M,1285
13123,VACUNA NEUMOCOCICA CONJUGADA 2DA DOSIS,Cohorte_4M,1234
13123,VACUNA NEUMOCOCICA CONJUGADA REFUERZO,Cohorte_12M,1189
13123,VACUNA NEUMOCOCICA POLISACARIDA,Neumococica_Polisacarida_65,703
13123,VACUNA SRP (TRIVIRICA) 1RA DOSIS,Cohorte_12M,1200
13123,VACUNA SRP (TRIVIRICA) 2DA DOSIS,Cohorte_36M,996
13123,VACUNA VARICELA 1RA DOSIS,Cohorte_18M,1220
13123,VACUNA VARICELA 2DA DOSIS,Cohorte_36M,1029
13123,VACUNA VPH 4 BASICO,VPH_4basico,1570
13123,VACUNA VPH 5 BASICO,VPH_5basico,1336
13124,VACUNA BCG,BCG_RN,1673
13124,VACUNA DTPA 1 BASICO,dTpa_1basico,2148
13124,VACUNA DTPA 8 BASICO,dTpa_8basico,2015
13124,VACUNA DTPA GESTANTES,dTpa_Gestantes,1588
13124,VACUNA HEPATITIS A PEDIATRICA,Cohorte_18M,1871
13124,VACUNA HEPATITIS B RN,HepB_RN,1678
13124,VACUNA HEXAVALENTE 1RA DOSIS,Cohorte_2M,1736
13124,VACUNA HEXAVALENTE 2DA DOSIS,Cohorte_4M,1787
13124,VACUNA HEXAVALENTE 3RA DOSIS,Hexavalente_3d_6m,1813
13124,VACUNA HEXAVALENTE REFUERZO,Hexavalente_ref_18m,1886
13124,VACUNA MENINGOCOCICA CONJUGADA DOSIS UNICA,Cohorte_12M,1826
13124,VACUNA MENINGOCOCICA RECOMBINANTE 1RA DOSIS,Cohorte_2M,1745
13124,VACUNA MENINGOCOCICA RECOMBINANTE 2DA DOSIS,Cohorte_4M,1788
13124,VACUNA MENINGOCOCICA RECOMBINANTE REFUERZO,Cohorte_18M,318
13124,VACUNA NEUMOCOCICA CONJUGADA 1RA DOSIS,Cohorte_2M,1737
13124,VACUNA NEUMOCOCICA CONJUGADA 2DA DOSIS,Cohorte_4M,1788
13124,VACUNA NEUMOCOCICA CONJUGADA REFUERZO,Cohorte_12M,1822
13124,VACUNA NEUMOCOCICA POLISACARIDA,Neumococica_Polisacarida_65,1686
13124,VACUNA SRP (TRIVIRICA) 1RA DOSIS,Cohorte_12M,1821
13124,VACUNA SRP (TRIVIRICA) 2DA DOSIS,Cohorte_36M,1662
13124,VACUNA VARICELA 1RA DOSIS,Cohorte_18M,1901
13124,VACUNA VARICELA 2DA DOSIS,Cohorte_36M,1704
13124,VACUNA VPH 4 BASICO,VPH_4basico,2184
13124,VACUNA VPH 5 BASICO,VPH_5basico,1928
13125,VACUNA BCG,BCG_RN,1661
13125,VACUNA DTPA 1 BASICO,dTpa_1basico,2417
13125,VACUNA DTPA 8 BASICO,dTpa_8basico,2627
13125,VACUNA DTPA GESTANTES,dTpa_Gestantes,1522
13125,VACUNA HEPATITIS A PEDIATRICA,Cohorte_18M,2128
13125,VACUNA HEPATITIS B RN,HepB_RN,1666
13125,VACUNA HEXAVALENTE 1RA DOSIS,Cohorte_2M,1781
13125,VACUNA HEXAVALENTE 2DA DOSIS,Cohorte_4M,1809
13125,VACUNA HEXAVALENTE 3RA DOSIS,Hexavalente_3d_6m,1800
13125,VACUNA HEXAVALENTE REFUERZO,Hexavalente_ref_18m,2121
13125,VACUNA MENINGOCOCICA CONJUGADA DOSIS UNICA,Cohorte_12M,1935
13125,VACUNA MENINGOCOCICA RECOMBINANTE 1RA DOSIS,Cohorte_2M,1797
13125,VACUNA MENINGOCOCICA RECOMBINANTE 2DA DOSIS,Cohorte_4M,1802
13125,VACUNA MENINGOCOCICA RECOMBINANTE REFUERZO,Cohorte_18M,310
13125,VACUNA NEUMOCOCICA CONJUGADA 1RA DOSIS,Cohorte_2M,1787
13125,VACUNA NEUMOCOCICA CONJUGADA 2DA DOSIS,Cohorte_4M,1808
13125,VACUNA NEUMOCOCICA CONJUGADA REFUERZO,Cohorte_12M,1929
13125,VACUNA NEUMOCOCICA POLISACARIDA,Neumococica_Polisacarida_65,908
13125,VACUNA SRP (TRIVIRICA) 1RA DOSIS,Cohorte_12M,1948
13125,VACUNA SRP (TRIVIRICA) 2DA DOSIS,Cohorte_36M,1741
13125,VACUNA VARICELA 1RA DOSIS,Cohorte_18M,2168
13125,VACUNA VARICELA 2DA DOSIS,Cohorte_36M,1793
13125,VACUNA VPH 4 BASICO,VPH_4basico,2624
13125,VACUNA VPH 5 BASICO,VPH_5basico,2229
13126,VACUNA BCG,BCG_RN,1090
13126,VACUNA DTPA 1 BASICO,dTpa_1basico,1425
13126,VACUNA DTPA 8 BASICO,dTpa_8basico,1455
13126,VACUNA DTPA GESTANTES,dTpa_Gestantes,897
13126,VACUNA HEPATITIS A PEDIATRICA,Cohorte_18M,959
13126,VACUNA HEPATITIS B RN,HepB_RN,1077
13126,VACUNA HEXAVALENTE 1RA DOSIS,Cohorte_2M,951
13126,VACUNA HEXAVALENTE 2DA DOSIS,Cohorte_4M,988
13126,VACUNA HEXAVALENTE 3RA DOSIS,Hexavalente_3d_6m,1003
13126,VACUNA HEXAVALENTE REFUERZO,Hexavalente_ref_18m,957
13126,VACUNA MENINGOCOCICA CONJUGADA DOSIS UNICA,Cohorte_12M,1043
13126,VACUNA MENINGOCOCICA RECOMBINANTE 1RA DOSIS,Cohorte_2M,977
13126,VACUNA MENINGOCOCICA RECOMBINANTE 2DA DOSIS,Cohorte_4M,1006
13126,VACUNA MENINGOCOCICA RECOMBINANTE REFUERZO,Cohorte_18M,136
13126,VACUNA NEUMOCOCICA CONJUGADA 1RA DOSIS,Cohorte_2M,957
13126,VACUNA NEUMOCOCICA CONJUGADA 2DA DOSIS,Cohorte_4M,991
13126,VACUNA NEUMOCOCICA CONJUGADA REFUERZO,Cohorte_12M,1023
13126,VACUNA NEUMOCOCICA POLISACARIDA,Neumococica_Polisacarida_65,536
13126,VACUNA SRP (TRIVIRICA) 1RA DOSIS,Cohorte_12M,1032
13126,VACUNA SRP (TRIVIRICA) 2DA DOSIS,Cohorte_36M,766
13126,VACUNA VARICELA 1RA DOSIS,Cohorte_18M,972
13126,VACUNA VARICELA 2DA DOSIS,Cohorte_36M,792
13126,VACUNA VPH 4 BASICO,VPH_4basico,1549
13126,VACUNA VPH 5 BASICO,VPH_5basico,1348
13127,VACUNA BCG,BCG_RN,1251
13127,VACUNA DTPA 1 BASICO,dTpa_1basico,1821
13127,VACUNA DTPA 8 BASICO,dTpa_8basico,1918
13127,VACUNA DTPA GESTANTES,dTpa_Gestantes,1202
13127,VACUNA HEPATITIS A PEDIATRICA,Cohorte_18M,1378
13127,VACUNA HEPATITIS B RN,HepB_RN,1248
13127,VACUNA HEXAVALENTE 1RA DOSIS,Cohorte_2M,1373
13127,VACUNA HEXAVALENTE 2DA DOSIS,Cohorte_4M,1337
13127,VACUNA HEXAVALENTE 3RA DOSIS,Hexavalente_3d_6m,1312
13127,VACUNA HEXAVALENTE REFUERZO,Hexavalente_ref_18m,1372
13127,VACUNA MENINGOCOCICA CONJUGADA DOSIS UNICA,Cohorte_12M,1321
13127,VACUNA MENINGOCOCICA RECOMBINANTE 1RA DOSIS,Cohorte_2M,1400
13127,VACUNA MENINGOCOCICA RECOMBINANTE 2DA DOSIS,Cohorte_4M,1366
13127,VACUNA MENINGOCOCICA RECOMBINANTE REFUERZO,Cohorte_18M,196
13127,VACUNA NEUMOCOCICA CONJUGADA 1RA DOSIS,Cohorte_2M,1373
13127,VACUNA NEUMOCOCICA CONJUGADA 2DA DOSIS,Cohorte_4M,1342
13127,VACUNA NEUMOCOCICA CONJUGADA REFUERZO,Cohorte_12M,1297
13127,VACUNA NEUMOCOCICA POLISACARIDA,Neumococica_Polisacarida_65,894
13127,VACUNA SRP (TRIVIRICA) 1RA DOSIS,Cohorte_12M,1303
13127,VACUNA SRP (TRIVIRICA) 2DA DOSIS,Cohorte_36M,1149
13127,VACUNA VARICELA 1RA DOSIS,Cohorte_18M,1393
13127,VACUNA VARICELA 2DA DOSIS,Cohorte_36M,1200
13127,VACUNA VPH 4 BASICO,VPH_4basico,2028
13127,VACUNA VPH 5 BASICO,VPH_5basico,1695
13128,VACUNA BCG,BCG_RN,1236
13128,VACUNA DTPA 1 BASICO,dTpa_1basico,1506
13128,VACUNA DTPA 8 BASICO,dTpa_8basico,1404
13128,VACUNA DTPA GESTANTES,dTpa_Gestantes,1100
13128,VACUNA HEPATITIS A PEDIATRICA,Cohorte_18M,1356
13128,VACUNA HEPATITIS B RN,HepB_RN,1238
13128,VACUNA HEXAVALENTE 1RA DOSIS,Cohorte_2M,1248
13128,VACUNA HEXAVALENTE 2DA DOSIS,Cohorte_4M,1285
13128,VACUNA HEXAVALENTE 3RA DOSIS,Hexavalente_3d_6m,1256
13128,VACUNA HEXAVALENTE REFUERZO,Hexavalente_ref_18m,1363
13128,VACUNA MENINGOCOCICA CONJUGADA DOSIS UNICA,Cohorte_12M,1302
13128,VACUNA MENINGOCOCICA RECOMBINANTE 1RA DOSIS,Cohorte_2M,1255
13128,VACUNA MENINGOCOCICA RECOMBINANTE 2DA DOSIS,Cohorte_4M,1291
13128,VACUNA MENINGOCOCICA RECOMBINANTE REFUERZO,Cohorte_18M,214
13128,VACUNA NEUMOCOCICA CONJUGADA 1RA DOSIS,Cohorte_2M,1253
13128,VACUNA NEUMOCOCICA CONJUGADA 2DA DOSIS,Cohorte_4M,1289
13128,VACUNA NEUMOCOCICA CONJUGADA REFUERZO,Cohorte_12M,1308
13128,VACUNA NEUMOCOCICA POLISACARIDA,Neumococica_Polisacarida_65,798
13128,VACUNA SRP (TRIVIRICA) 1RA DOSIS,Cohorte_12M,1318
13128,VACUNA SRP (TRIVIRICA) 2DA DOSIS,Cohorte_36M,1138
13128,VACUNA VARICELA 1RA DOSIS,Cohorte_18M,1370
13128,VACUNA VARICELA 2DA DOSIS,Cohorte_36M,1229
13128,VACUNA VPH 4 BASICO,VPH_4basico,1596
13128,VACUNA VPH 5 BASICO,VPH_5basico,1216
13129,VACUNA BCG,BCG_RN,657
13129,VACUNA DTPA 1 BASICO,dTpa_1basico,760
13129,VACUNA DTPA 8 BASICO,dTpa_8basico,767
13129,VACUNA DTPA GESTANTES,dTpa_Gestantes,606
13129,VACUNA HEPATITIS A PEDIATRICA,Cohorte_18M,752
13129,VACUNA HEPATITIS B RN,HepB_RN,653
13129,VACUNA HEXAVALENTE 1RA DOSIS,Cohorte_2M,703
13129,VACUNA HEXAVALENTE 2DA DOSIS,Cohorte_4M,698
13129,VACUNA HEXAVALENTE 3RA DOSIS,Hexavalente_3d_6m,720
13129,VACUNA HEXAVALENTE REFUERZO,Hexavalente_ref_18m,749
13129,VACUNA MENINGOCOCICA CONJUGADA DOSIS UNICA,Cohorte_12M,733
13129,VACUNA MENINGOCOCICA RECOMBINANTE 1RA DOSIS,Cohorte_2M,713
13129,VACUNA MENINGOCOCICA RECOMBINANTE 2DA DOSIS,Cohorte_4M,700
13129,VACUNA MENINGOCOCICA RECOMBINANTE REFUERZO,Cohorte_18M,105
13129,VACUNA NEUMOCOCICA CONJUGADA 1RA DOSIS,Cohorte_2M,708
13129,VACUNA NEUMOCOCICA CONJUGADA 2DA DOSIS,Cohorte_4M,699
13129,VACUNA NEUMOCOCICA CONJUGADA REFUERZO,Cohorte_12M,725
13129,VACUNA NEUMOCOCICA POLISACARIDA,Neumococica_Polisacarida_65,600
13129,VACUNA SRP (TRIVIRICA) 1RA DOSIS,Cohorte_12M,726
13129,VACUNA SRP (TRIVIRICA) 2DA DOSIS,Cohorte_36M,627
13129,VACUNA VARICELA 1RA DOSIS,Cohorte_18M,750
13129,VACUNA VARICELA 2DA DOSIS,Cohorte_36M,653
13129,VACUNA VPH 4 BASICO,VPH_4basico,756
13129,VACUNA VPH 5 BASICO,VPH_5basico,634
13130,VACUNA BCG,BCG_RN,1378
13130,VACUNA DTPA 1 BASICO,dTpa_1basico,1509
13130,VACUNA DTPA 8 BASICO,dTpa_8basico,1600
13130,VACUNA DTPA GESTANTES,dTpa_Gestantes,1786
13130,VACUNA HEPATITIS A PEDIATRICA,Cohorte_18M,1388
13130,VACUNA HEPATITIS B RN,HepB_RN,1378
13130,VACUNA HEXAVALENTE 1RA DOSIS,Cohorte_2M,1342
13130,VACUNA HEXAVALENTE 2DA DOSIS,Cohorte_4M,1350
13130,VACUNA HEXAVALENTE 3RA DOSIS,Hexavalente_3d_6m,1381
13130,VACUNA HEXAVALENTE REFUERZO,Hexavalente_ref_18m,1438
13130,VACUNA MENINGOCOCICA CONJUGADA DOSIS UNICA,Cohorte_12M,1457
13130,VACUNA MENINGOCOCICA RECOMBINANTE 1RA DOSIS,Cohorte_2M,1346
13130,VACUNA MENINGOCOCICA RECOMBINANTE 2DA DOSIS,Cohorte_4M,1352
13130,VACUNA MENINGOCOCICA RECOMBINANTE REFUERZO,Cohorte_18M,192
13130,VACUNA NEUMOCOCICA CONJUGADA 1RA DOSIS,Cohorte_2M,1347
13130,VACUNA NEUMOCOCICA CONJUGADA 2DA DOSIS,Cohorte_4M,1352
13130,VACUNA NEUMOCOCICA CONJUGADA REFUERZO,Cohorte_12M,1462
13130,VACUNA NEUMOCOCICA POLISACARIDA,Neumococica_Polisacarida_65,731
13130,VACUNA SRP (TRIVIRICA) 1RA DOSIS,Cohorte_12M,1459
13130,VACUNA SRP (TRIVIRICA) 2DA DOSIS,Cohorte_36M,1033
13130,VACUNA VARICELA 1RA DOSIS,Cohorte_18M,1459
13130,VACUNA VARICELA 2DA DOSIS,Cohorte_36M,1067
13130,VACUNA VPH 4 BASICO,VPH_4basico,1535
13130,VACUNA VPH 5 BASICO,VPH_5basico,1281
13131,VACUNA BCG,BCG_RN,571
13131,VACUNA DTPA 1 BASICO,dTpa_1basico,792
13131,VACUNA DTPA 8 BASICO,dTpa_8basico,987
13131,VACUNA DTPA GESTANTES,dTpa_Gestantes,517
13131,VACUNA HEPATITIS A PEDIATRICA,Cohorte_18M,651
13131,VACUNA HEPATITIS B RN,HepB_RN,580
13131,VACUNA HEXAVALENTE 1RA DOSIS,Cohorte_2M,548
13131,VACUNA HEXAVALENTE 2DA DOSIS,Cohorte_4M,556
13131,VACUNA HEXAVALENTE 3RA DOSIS,Hexavalente_3d_6m,559
13131,VACUNA HEXAVALENTE REFUERZO,Hexavalente_ref_18m,649
13131,VACUNA MENINGOCOCICA CONJUGADA DOSIS UNICA,Cohorte_12M,615
13131,VACUNA MENINGOCOCICA RECOMBINANTE 1RA DOSIS,Cohorte_2M,552
13131,VACUNA MENINGOCOCICA RECOMBINANTE 2DA DOSIS,Cohorte_4M,556
13131,VACUNA MENINGOCOCICA RECOMBINANTE REFUERZO,Cohorte_18M,103
13131,VACUNA NEUMOCOCICA CONJUGADA 1RA DOSIS,Cohorte_2M,548
13131,VACUNA NEUMOCOCICA CONJUGADA 2DA DOSIS,Cohorte_4M,554
13131,VACUNA NEUMOCOCICA CONJUGADA REFUERZO,Cohorte_12M,615
13131,VACUNA NEUMOCOCICA POLISACARIDA,Neumococica_Polisacarida_65,354
13131,VACUNA SRP (TRIVIRICA) 1RA DOSIS,Cohorte_12M,617
13131,VACUNA SRP (TRIVIRICA) 2DA DOSIS,Cohorte_36M,595
13131,VACUNA VARICELA 1RA DOSIS,Cohorte_18M,646
13131,VACUNA VARICELA 2DA DOSIS,Cohorte_36M,590
13131,VACUNA VPH 4 BASICO,VPH_4basico,965
13131,VACUNA VPH 5 BASICO,VPH_5basico,872
13132,VACUNA BCG,BCG_RN,1126
13132,VACUNA DTPA 1 BASICO,dTpa_1basico,1457
13132,VACUNA DTPA 8 BASICO,dTpa_8basico,1307
13132,VACUNA DTPA GESTANTES,dTpa_Gestantes,915
13132,VACUNA HEPATITIS A PEDIATRICA,Cohorte_18M,653
13132,VACUNA HEPATITIS B RN,HepB_RN,1235
13132,VACUNA HEXAVALENTE 1RA DOSIS,Cohorte_2M,965
13132,VACUNA HEXAVALENTE 2DA DOSIS,Cohorte_4M,960
13132,VACUNA HEXAVALENTE 3RA DOSIS,Hexavalente_3d_6m,946
13132,VACUNA HEXAVALENTE REFUERZO,Hexavalente_ref_18m,833
13132,VACUNA MENINGOCOCICA CONJUGADA DOSIS UNICA,Cohorte_12M,873
13132,VACUNA MENINGOCOCICA RECOMBINANTE 1RA DOSIS,Cohorte_2M,1000
13132,VACUNA MENINGOCOCICA RECOMBINANTE 2DA DOSIS,Cohorte_4M,975
13132,VACUNA MENINGOCOCICA RECOMBINANTE REFUERZO,Cohorte_18M,184
13132,VACUNA NEUMOCOCICA CONJUGADA 1RA DOSIS,Cohorte_2M,960
13132,VACUNA NEUMOCOCICA CONJUGADA 2DA DOSIS,Cohorte_4M,957
13132,VACUNA NEUMOCOCICA CONJUGADA REFUERZO,Cohorte_12M,890
13132,VACUNA NEUMOCOCICA POLISACARIDA,Neumococica_Polisacarida_65,634
13132,VACUNA SRP (TRIVIRICA) 1RA DOSIS,Cohorte_12M,905
13132,VACUNA SRP (TRIVIRICA) 2DA DOSIS,Cohorte_36M,869
13132,VACUNA VARICELA 1RA DOSIS,Cohorte_18M,858
13132,VACUNA VARICELA 2DA DOSIS,Cohorte_36M,910
13132,VACUNA VPH 4 BASICO,VPH_4basico,1407
13132,VACUNA VPH 5 BASICO,VPH_5basico,1279
13201,VACUNA BCG,BCG_RN,4203
13201,VACUNA DTPA 1 BASICO,dTpa_1basico,5726
13201,VACUNA DTPA 8 BASICO,dTpa_8basico,6473
13201,VACUNA DTPA GESTANTES,dTpa_Gestantes,3665
13201,VACUNA HEPATITIS A PEDIATRICA,Cohorte_18M,4122
13201,VACUNA HEPATITIS B RN,HepB_RN,4211
13201,VACUNA HEXAVALENTE 1RA DOSIS,Cohorte_2M,3966
13201,VACUNA HEXAVALENTE 2DA DOSIS,Cohorte_4M,4001
13201,VACUNA HEXAVALENTE 3RA DOSIS,Hexavalente_3d_6m,3985
13201,VACUNA HEXAVALENTE REFUERZO,Hexavalente_ref_18m,4153
13201,VACUNA MENINGOCOCICA CONJUGADA DOSIS UNICA,Cohorte_12M,4035
13201,VACUNA MENINGOCOCICA RECOMBINANTE 1RA DOSIS,Cohorte_2M,3965
13201,VACUNA MENINGOCOCICA RECOMBINANTE 2DA DOSIS,Cohorte_4M,3985
13201,VACUNA MENINGOCOCICA RECOMBINANTE REFUERZO,Cohorte_18M,661
13201,VACUNA NEUMOCOCICA CONJUGADA 1RA DOSIS,Cohorte_2M,3971
13201,VACUNA NEUMOCOCICA CONJUGADA 2DA DOSIS,Cohorte_4M,3997
13201,VACUNA NEUMOCOCICA CONJUGADA REFUERZO,Cohorte_12M,4091
13201,VACUNA NEUMOCOCICA POLISACARIDA,Neumococica_Polisacarida_65,2408
13201,VACUNA SRP (TRIVIRICA) 1RA DOSIS,Cohorte_12M,4122
13201,VACUNA SRP (TRIVIRICA) 2DA DOSIS,Cohorte_36M,3710
13201,VACUNA VARICELA 1RA DOSIS,Cohorte_18M,4142
13201,VACUNA VARICELA 2DA DOSIS,Cohorte_36M,3694
13201,VACUNA VPH 4 BASICO,VPH_4basico,6466
13201,VACUNA VPH 5 BASICO,VPH_5basico,5317
13202,VACUNA BCG,BCG_RN,203
13202,VACUNA DTPA 1 BASICO,dTpa_1basico,323
13202,VACUNA DTPA 8 BASICO,dTpa_8basico,274
13202,VACUNA DTPA GESTANTES,dTpa_Gestantes,215
13202,VACUNA HEPATITIS A PEDIATRICA,Cohorte_18M,254
13202,VACUNA HEPATITIS B RN,HepB_RN,217
13202,VACUNA HEXAVALENTE 1RA DOSIS,Cohorte_2M,268
13202,VACUNA HEXAVALENTE 2DA DOSIS,Cohorte_4M,275
13202,VACUNA HEXAVALENTE 3RA DOSIS,Hexavalente_3d_6m,274
13202,VACUNA HEXAVALENTE REFUERZO,Hexavalente_ref_18m,272
13202,VACUNA MENINGOCOCICA CONJUGADA DOSIS UNICA,Cohorte_12M,267
13202,VACUNA MENINGOCOCICA RECOMBINANTE 1RA DOSIS,Cohorte_2M,268
13202,VACUNA MENINGOCOCICA RECOMBINANTE 2DA DOSIS,Cohorte_4M,276
13202,VACUNA MENINGOCOCICA RECOMBINANTE REFUERZO,Cohorte_18M,50
13202,VACUNA NEUMOCOCICA CONJUGADA 1RA DOSIS,Cohorte_2M,270
13202,VACUNA NEUMOCOCICA CONJUGADA 2DA DOSIS,Cohorte_4M,277
13202,VACUNA NEUMOCOCICA CONJUGADA REFUERZO,Cohorte_12M,285
13202,VACUNA NEUMOCOCICA POLISACARIDA,Neumococica_Polisacarida_65,243
13202,VACUNA SRP (TRIVIRICA) 1RA DOSIS,Cohorte_12M,287
13202,VACUNA SRP (TRIVIRICA) 2DA DOSIS,Cohorte_36M,250
13202,VACUNA VARICELA 1RA DOSIS,Cohorte_18M,272
13202,VACUNA VARICELA 2DA DOSIS,Cohorte_36M,247
13202,VACUNA VPH 4 BASICO,VPH_4basico,339
13202,VACUNA VPH 5 BASICO,VPH_5basico,267
13203,VACUNA BCG,BCG_RN,98
13203,VACUNA DTPA 1 BASICO,dTpa_1basico,157
13203,VACUNA DTPA 8 BASICO,dTpa_8basico,146
13203,VACUNA DTPA GESTANTES,dTpa_Gestantes,221
13203,VACUNA HEPATITIS A PEDIATRICA,Cohorte_18M,129
13203,VACUNA HEPATITIS B RN,HepB_RN,103
13203,VACUNA HEXAVALENTE 1RA DOSIS,Cohorte_2M,139
13203,VACUNA HEXAVALENTE 2DA DOSIS,Cohorte_4M,139
13203,VACUNA HEXAVALENTE 3RA DOSIS,Hexavalente_3d_6m,139
13203,VACUNA HEXAVALENTE REFUERZO,Hexavalente_ref_18m,130
13203,VACUNA MENINGOCOCICA CONJUGADA DOSIS UNICA,Cohorte_12M,126
13203,VACUNA MENINGOCOCICA RECOMBINANTE 1RA DOSIS,Cohorte_2M,138
13203,VACUNA MENINGOCOCICA RECOMBINANTE 2DA DOSIS,Cohorte_4M,137
13203,VACUNA MENINGOCOCICA RECOMBINANTE REFUERZO,Cohorte_18M,12
13203,VACUNA NEUMOCOCICA CONJUGADA 1RA DOSIS,Cohorte_2M,139
13203,VACUNA NEUMOCOCICA CONJUGADA 2DA DOSIS,Cohorte_4M,140
13203,VACUNA NEUMOCOCICA CONJUGADA REFUERZO,Cohorte_12M,129
13203,VACUNA NEUMOCOCICA POLISACARIDA,Neumococica_Polisacarida_65,82
13203,VACUNA SRP (TRIVIRICA) 1RA DOSIS,Cohorte_12M,131
13203,VACUNA SRP (TRIVIRICA) 2DA DOSIS,Cohorte_36M,150
13203,VACUNA VARICELA 1RA DOSIS,Cohorte_18M,128
13203,VACUNA VARICELA 2DA DOSIS,Cohorte_36M,149
13203,VACUNA VPH 4 BASICO,VPH_4basico,174
13203,VACUNA VPH 5 BASICO,VPH_5basico,121
13301,VACUNA BCG,BCG_RN,1769
13301,VACUNA DTPA 1 BASICO,dTpa_1basico,2561
13301,VACUNA DTPA 8 BASICO,dTpa_8basico,2721
13301,VACUNA DTPA GESTANTES,dTpa_Gestantes,1611
13301,VACUNA HEPATITIS A PEDIATRICA,Cohorte_18M,2177
13301,VACUNA HEPATITIS B RN,HepB_RN,1732
13301,VACUNA HEXAVALENTE 1RA DOSIS,Cohorte_2M,1866
13301,VACUNA HEXAVALENTE 2DA DOSIS,Cohorte_4M,1934
13301,VACUNA HEXAVALENTE 3RA DOSIS,Hexavalente_3d_6m,2016
13301,VACUNA HEXAVALENTE REFUERZO,Hexavalente_ref_18m,2197
13301,VACUNA MENINGOCOCICA CONJUGADA DOSIS UNICA,Cohorte_12M,2157
13301,VACUNA MENINGOCOCICA RECOMBINANTE 1RA DOSIS,Cohorte_2M,1888
13301,VACUNA MENINGOCOCICA RECOMBINANTE 2DA DOSIS,Cohorte_4M,1940
13301,VACUNA MENINGOCOCICA RECOMBINANTE REFUERZO,Cohorte_18M,497
13301,VACUNA NEUMOCOCICA CONJUGADA 1RA DOSIS,Cohorte_2M,1864
13301,VACUNA NEUMOCOCICA CONJUGADA 2DA DOSIS,Cohorte_4M,1930
13301,VACUNA NEUMOCOCICA CONJUGADA REFUERZO,Cohorte_12M,2158
13301,VACUNA NEUMOCOCICA POLISACARIDA,Neumococica_Polisacarida_65,593
13301,VACUNA SRP (TRIVIRICA) 1RA DOSIS,Cohorte_12M,2159
13301,VACUNA SRP (TRIVIRICA) 2DA DOSIS,Cohorte_36M,2036
13301,VACUNA VARICELA 1RA DOSIS,Cohorte_18M,2228
13301,VACUNA VARICELA 2DA DOSIS,Cohorte_36M,2109
13301,VACUNA VPH 4 BASICO,VPH_4basico,2799
13301,VACUNA VPH 5 BASICO,VPH_5basico,2408
13302,VACUNA BCG,BCG_RN,1408
13302,VACUNA DTPA 1 BASICO,dTpa_1basico,1692
13302,VACUNA DTPA 8 BASICO,dTpa_8basico,1366
13302,VACUNA DTPA GESTANTES,dTpa_Gestantes,1051
13302,VACUNA HEPATITIS A PEDIATRICA,Cohorte_18M,1341
13302,VACUNA HEPATITIS B RN,HepB_RN,1413
13302,VACUNA HEXAVALENTE 1RA DOSIS,Cohorte_2M,1238
13302,VACUNA HEXAVALENTE 2DA DOSIS,Cohorte_4M,1266
13302,VACUNA HEXAVALENTE 3RA DOSIS,Hexavalente_3d_6m,1305
13302,VACUNA HEXAVALENTE REFUERZO,Hexavalente_ref_18m,1365
13302,VACUNA MENINGOCOCICA CONJUGADA DOSIS UNICA,Cohorte_12M,1346
13302,VACUNA MENINGOCOCICA RECOMBINANTE 1RA DOSIS,Cohorte_2M,1256
13302,VACUNA MENINGOCOCICA RECOMBINANTE 2DA DOSIS,Cohorte_4M,1283
13302,VACUNA MENINGOCOCICA RECOMBINANTE REFUERZO,Cohorte_18M,276
13302,VACUNA NEUMOCOCICA CONJUGADA 1RA DOSIS,Cohorte_2M,1247
13302,VACUNA NEUMOCOCICA CONJUGADA 2DA DOSIS,Cohorte_4M,1274
13302,VACUNA NEUMOCOCICA CONJUGADA REFUERZO,Cohorte_12M,1340
13302,VACUNA NEUMOCOCICA POLISACARIDA,Neumococica_Polisacarida_65,463
13302,VACUNA SRP (TRIVIRICA) 1RA DOSIS,Cohorte_12M,1349
13302,VACUNA SRP (TRIVIRICA) 2DA DOSIS,Cohorte_36M,1225
13302,VACUNA VARICELA 1RA DOSIS,Cohorte_18M,1377
13302,VACUNA VARICELA 2DA DOSIS,Cohorte_36M,1250
13302,VACUNA VPH 4 BASICO,VPH_4basico,1376
13302,VACUNA VPH 5 BASICO,VPH_5basico,1257
13303,VACUNA BCG,BCG_RN,178
13303,VACUNA DTPA 1 BASICO,dTpa_1basico,277
13303,VACUNA DTPA 8 BASICO,dTpa_8basico,230
13303,VACUNA DTPA GESTANTES,dTpa_Gestantes,175
13303,VACUNA HEPATITIS A PEDIATRICA,Cohorte_18M,192
13303,VACUNA HEPATITIS B RN,HepB_RN,178
13303,VACUNA HEXAVALENTE 1RA DOSIS,Cohorte_2M,180
13303,VACUNA HEXAVALENTE 2DA DOSIS,Cohorte_4M,172
13303,VACUNA HEXAVALENTE 3RA DOSIS,Hexavalente_3d_6m,180
13303,VACUNA HEXAVALENTE REFUERZO,Hexavalente_ref_18m,193
13303,VACUNA MENINGOCOCICA CONJUGADA DOSIS UNICA,Cohorte_12M,186
13303,VACUNA MENINGOCOCICA RECOMBINANTE 1RA DOSIS,Cohorte_2M,179
13303,VACUNA MENINGOCOCICA RECOMBINANTE 2DA DOSIS,Cohorte_4M,172
13303,VACUNA MENINGOCOCICA RECOMBINANTE REFUERZO,Cohorte_18M,31
13303,VACUNA NEUMOCOCICA CONJUGADA 1RA DOSIS,Cohorte_2M,180
13303,VACUNA NEUMOCOCICA CONJUGADA 2DA DOSIS,Cohorte_4M,173
13303,VACUNA NEUMOCOCICA CONJUGADA REFUERZO,Cohorte_12M,185
13303,VACUNA NEUMOCOCICA POLISACARIDA,Neumococica_Polisacarida_65,147
13303,VACUNA SRP (TRIVIRICA) 1RA DOSIS,Cohorte_12M,188
13303,VACUNA SRP (TRIVIRICA) 2DA DOSIS,Cohorte_36M,229
13303,VACUNA VARICELA 1RA DOSIS,Cohorte_18M,205
13303,VACUNA VARICELA 2DA DOSIS,Cohorte_36M,240
13303,VACUNA VPH 4 BASICO,VPH_4basico,280
13303,VACUNA VPH 5 BASICO,VPH_5basico,214
13401,VACUNA BCG,BCG_RN,2644
13401,VACUNA DTPA 1 BASICO,dTpa_1basico,3276
13401,VACUNA DTPA 8 BASICO,dTpa_8basico,3659
13401,VACUNA DTPA GESTANTES,dTpa_Gestantes,2165
13401,VACUNA HEPATITIS A PEDIATRICA,Cohorte_18M,2670
13401,VACUNA HEPATITIS B RN,HepB_RN,2614
13401,VACUNA HEXAVALENTE 1RA DOSIS,Cohorte_2M,2482
13401,VACUNA HEXAVALENTE 2DA DOSIS,Cohorte_4M,2445
13401,VACUNA HEXAVALENTE 3RA DOSIS,Hexavalente_3d_6m,2528
13401,VACUNA HEXAVALENTE REFUERZO,Hexavalente_ref_18m,2695
13401,VACUNA MENINGOCOCICA CONJUGADA DOSIS UNICA,Cohorte_12M,2650
13401,VACUNA MENINGOCOCICA RECOMBINANTE 1RA DOSIS,Cohorte_2M,2506
13401,VACUNA MENINGOCOCICA RECOMBINANTE 2DA DOSIS,Cohorte_4M,2451
13401,VACUNA MENINGOCOCICA RECOMBINANTE REFUERZO,Cohorte_18M,436
13401,VACUNA NEUMOCOCICA CONJUGADA 1RA DOSIS,Cohorte_2M,2487
13401,VACUNA NEUMOCOCICA CONJUGADA 2DA DOSIS,Cohorte_4M,2443
13401,VACUNA NEUMOCOCICA CONJUGADA REFUERZO,Cohorte_12M,2661
13401,VACUNA NEUMOCOCICA POLISACARIDA,Neumococica_Polisacarida_65,1774
13401,VACUNA SRP (TRIVIRICA) 1RA DOSIS,Cohorte_12M,2669
13401,VACUNA SRP (TRIVIRICA) 2DA DOSIS,Cohorte_36M,2303
13401,VACUNA VARICELA 1RA DOSIS,Cohorte_18M,2684
13401,VACUNA VARICELA 2DA DOSIS,Cohorte_36M,2300
13401,VACUNA VPH 4 BASICO,VPH_4basico,3585
13401,VACUNA VPH 5 BASICO,VPH_5basico,3008
13402,VACUNA BCG,BCG_RN,1297
13402,VACUNA DTPA 1 BASICO,dTpa_1basico,1420
13402,VACUNA DTPA 8 BASICO,dTpa_8basico,1447
13402,VACUNA DTPA GESTANTES,dTpa_Gestantes,1084
13402,VACUNA HEPATITIS A PEDIATRICA,Cohorte_18M,1273
13402,VACUNA HEPATITIS B RN,HepB_RN,1295
13402,VACUNA HEXAVALENTE 1RA DOSIS,Cohorte_2M,1257
13402,VACUNA HEXAVALENTE 2DA DOSIS,Cohorte_4M,1325
13402,VACUNA HEXAVALENTE 3RA DOSIS,Hexavalente_3d_6m,1315
13402,VACUNA HEXAVALENTE REFUERZO,Hexavalente_ref_18m,1321
13402,VACUNA MENINGOCOCICA CONJUGADA DOSIS UNICA,Cohorte_12M,1259
13402,VACUNA MENINGOCOCICA RECOMBINANTE 1RA DOSIS,Cohorte_2M,1261
13402,VACUNA MENINGOCOCICA RECOMBINANTE 2DA DOSIS,Cohorte_4M,1320
13402,VACUNA MENINGOCOCICA RECOMBINANTE REFUERZO,Cohorte_18M,214
13402,VACUNA NEUMOCOCICA CONJUGADA 1RA DOSIS,Cohorte_2M,1255
13402,VACUNA NEUMOCOCICA CONJUGADA 2DA DOSIS,Cohorte_4M,1320
13402,VACUNA NEUMOCOCICA CONJUGADA REFUERZO,Cohorte_12M,1291
13402,VACUNA NEUMOCOCICA POLISACARIDA,Neumococica_Polisacarida_65,696
13402,VACUNA SRP (TRIVIRICA) 1RA DOSIS,Cohorte_12M,1305
13402,VACUNA SRP (TRIVIRICA) 2DA DOSIS,Cohorte_36M,1162
13402,VACUNA VARICELA 1RA DOSIS,Cohorte_18M,1328
13402,VACUNA VARICELA 2DA DOSIS,Cohorte_36M,1164
13402,VACUNA VPH 4 BASICO,VPH_4basico,1472
13402,VACUNA VPH 5 BASICO,VPH_5basico,1201
13403,VACUNA BCG,BCG_RN,176
13403,VACUNA DTPA 1 BASICO,dTpa_1basico,286
13403,VACUNA DTPA 8 BASICO,dTpa_8basico,316
13403,VACUNA DTPA GESTANTES,dTpa_Gestantes,186
13403,VACUNA HEPATITIS A PEDIATRICA,Cohorte_18M,241
13403,VACUNA HEPATITIS B RN,HepB_RN,196
13403,VACUNA HEXAVALENTE 1RA DOSIS,Cohorte_2M,210
13403,VACUNA HEXAVALENTE 2DA DOSIS,Cohorte_4M,197
13403,VACUNA HEXAVALENTE 3RA DOSIS,Hexavalente_3d_6m,197
13403,VACUNA HEXAVALENTE REFUERZO,Hexavalente_ref_18m,244
13403,VACUNA MENINGOCOCICA CONJUGADA DOSIS UNICA,Cohorte_12M,209
13403,VACUNA MENINGOCOCICA RECOMBINANTE 1RA DOSIS,Cohorte_2M,211
13403,VACUNA MENINGOCOCICA RECOMBINANTE 2DA DOSIS,Cohorte_4M,196
13403,VACUNA MENINGOCOCICA RECOMBINANTE REFUERZO,Cohorte_18M,44
13403,VACUNA NEUMOCOCICA CONJUGADA 1RA DOSIS,Cohorte_2M,211
13403,VACUNA NEUMOCOCICA CONJUGADA 2DA DOSIS,Cohorte_4M,197
13403,VACUNA NEUMOCOCICA CONJUGADA REFUERZO,Cohorte_12M,210
13403,VACUNA NEUMOCOCICA POLISACARIDA,Neumococica_Polisacarida_65,191
13403,VACUNA SRP (TRIVIRICA) 1RA DOSIS,Cohorte_12M,210
13403,VACUNA SRP (TRIVIRICA) 2DA DOSIS,Cohorte_36M,218
13403,VACUNA VARICELA 1RA DOSIS,Cohorte_18M,245
13403,VACUNA VARICELA 2DA DOSIS,Cohorte_36M,223
13403,VACUNA VPH 4 BASICO,VPH_4basico,320
13403,VACUNA VPH 5 BASICO,VPH_5basico,295
13404,VACUNA BCG,BCG_RN,659
13404,VACUNA DTPA 1 BASICO,dTpa_1basico,1087
13404,VACUNA DTPA 8 BASICO,dTpa_8basico,1151
13404,VACUNA DTPA GESTANTES,dTpa_Gestantes,704
13404,VACUNA HEPATITIS A PEDIATRICA,Cohorte_18M,856
13404,VACUNA HEPATITIS B RN,HepB_RN,652
13404,VACUNA HEXAVALENTE 1RA DOSIS,Cohorte_2M,716
13404,VACUNA HEXAVALENTE 2DA DOSIS,Cohorte_4M,733
13404,VACUNA HEXAVALENTE 3RA DOSIS,Hexavalente_3d_6m,753
13404,VACUNA HEXAVALENTE REFUERZO,Hexavalente_ref_18m,840
13404,VACUNA MENINGOCOCICA CONJUGADA DOSIS UNICA,Cohorte_12M,802
13404,VACUNA MENINGOCOCICA RECOMBINANTE 1RA DOSIS,Cohorte_2M,743
13404,VACUNA MENINGOCOCICA RECOMBINANTE 2DA DOSIS,Cohorte_4M,741
13404,VACUNA MENINGOCOCICA RECOMBINANTE REFUERZO,Cohorte_18M,136
13404,VACUNA NEUMOCOCICA CONJUGADA 1RA DOSIS,Cohorte_2M,718
13404,VACUNA NEUMOCOCICA CONJUGADA 2DA DOSIS,Cohorte_4M,730
13404,VACUNA NEUMOCOCICA CONJUGADA REFUERZO,Cohorte_12M,804
13404,VACUNA NEUMOCOCICA POLISACARIDA,Neumococica_Polisacarida_65,626
13404,VACUNA SRP (TRIVIRICA) 1RA DOSIS,Cohorte_12M,813
13404,VACUNA SRP (TRIVIRICA) 2DA DOSIS,Cohorte_36M,729
13404,VACUNA VARICELA 1RA DOSIS,Cohorte_18M,856
13404,VACUNA VARICELA 2DA DOSIS,Cohorte_36M,731
13404,VACUNA VPH 4 BASICO,VPH_4basico,1146
13404,VACUNA VPH 5 BASICO,VPH_5basico,932
13501,VACUNA BCG,BCG_RN,1446
13501,VACUNA DTPA 1 BASICO,dTpa_1basico,1581
13501,VACUNA DTPA 8 BASICO,dTpa_8basico,1597
13501,VACUNA DTPA GESTANTES,dTpa_Gestantes,1210
13501,VACUNA HEPATITIS A PEDIATRICA,Cohorte_18M,1514
13501,VACUNA HEPATITIS B RN,HepB_RN,1430
13501,VACUNA HEXAVALENTE 1RA DOSIS,Cohorte_2M,1381
13501,VACUNA HEXAVALENTE 2DA DOSIS,Cohorte_4M,1412
13501,VACUNA HEXAVALENTE 3RA DOSIS,Hexavalente_3d_6m,1389
13501,VACUNA HEXAVALENTE REFUERZO,Hexavalente_ref_18m,1491
13501,VACUNA MENINGOCOCICA CONJUGADA DOSIS UNICA,Cohorte_12M,1472
13501,VACUNA MENINGOCOCICA RECOMBINANTE 1RA DOSIS,Cohorte_2M,1436
13501,VACUNA MENINGOCOCICA RECOMBINANTE 2DA DOSIS,Cohorte_4M,1432
13501,VACUNA MENINGOCOCICA RECOMBINANTE REFUERZO,Cohorte_18M,200
13501,VACUNA NEUMOCOCICA CONJUGADA 1RA DOSIS,Cohorte_2M,1382
13501,VACUNA NEUMOCOCICA CONJUGADA 2DA DOSIS,Cohorte_4M,1411
13501,VACUNA NEUMOCOCICA CONJUGADA REFUERZO,Cohorte_12M,1459
13501,VACUNA NEUMOCOCICA POLISACARIDA,Neumococica_Polisacarida_65,726
13501,VACUNA SRP (TRIVIRICA) 1RA DOSIS,Cohorte_12M,1469
13501,VACUNA SRP (TRIVIRICA) 2DA DOSIS,Cohorte_36M,1209
13501,VACUNA VARICELA 1RA DOSIS,Cohorte_18M,1541
13501,VACUNA VARICELA 2DA DOSIS,Cohorte_36M,1242
13501,VACUNA VPH 4 BASICO,VPH_4basico,1781
13501,VACUNA VPH 5 BASICO,VPH_5basico,1201
13502,VACUNA BCG,BCG_RN,74
13502,VACUNA DTPA 1 BASICO,dTpa_1basico,111
13502,VACUNA DTPA 8 BASICO,dTpa_8basico,103
13502,VACUNA DTPA GESTANTES,dTpa_Gestantes,77
13502,VACUNA HEPATITIS A PEDIATRICA,Cohorte_18M,120
13502,VACUNA HEPATITIS B RN,HepB_RN,75
13502,VACUNA HEXAVALENTE 1RA DOSIS,Cohorte_2M,90
13502,VACUNA HEXAVALENTE 2DA DOSIS,Cohorte_4M,89
13502,VACUNA HEXAVALENTE 3RA DOSIS,Hexavalente_3d_6m,105
13502,VACUNA HEXAVALENTE REFUERZO,Hexavalente_ref_18m,120
13502,VACUNA MENINGOCOCICA CONJUGADA DOSIS UNICA,Cohorte_12M,118
13502,VACUNA MENINGOCOCICA RECOMBINANTE 1RA DOSIS,Cohorte_2M,95
13502,VACUNA MENINGOCOCICA RECOMBINANTE 2DA DOSIS,Cohorte_4M,94
13502,VACUNA MENINGOCOCICA RECOMBINANTE REFUERZO,Cohorte_18M,21
13502,VACUNA NEUMOCOCICA CONJUGADA 1RA DOSIS,Cohorte_2M,90
13502,VACUNA NEUMOCOCICA CONJUGADA 2DA DOSIS,Cohorte_4M,89
13502,VACUNA NEUMOCOCICA CONJUGADA REFUERZO,Cohorte_12M,117
13502,VACUNA NEUMOCOCICA POLISACARIDA,Neumococica_Polisacarida_65,77
13502,VACUNA SRP (TRIVIRICA) 1RA DOSIS,Cohorte_12M,116
13502,VACUNA SRP (TRIVIRICA) 2DA DOSIS,Cohorte_36M,109
13502,VACUNA VARICELA 1RA DOSIS,Cohorte_18M,120
13502,VACUNA VARICELA 2DA DOSIS,Cohorte_36M,106
13502,VACUNA VPH 4 BASICO,VPH_4basico,124
13502,VACUNA VPH 5 BASICO,VPH_5basico,103
13503,VACUNA BCG,BCG_RN,276
13503,VACUNA DTPA 1 BASICO,dTpa_1basico,428
13503,VACUNA DTPA 8 BASICO,dTpa_8basico,499
13503,VACUNA DTPA GESTANTES,dTpa_Gestantes,226
13503,VACUNA HEPATITIS A PEDIATRICA,Cohorte_18M,318
13503,VACUNA HEPATITIS B RN,HepB_RN,276
13503,VACUNA HEXAVALENTE 1RA DOSIS,Cohorte_2M,274
13503,VACUNA HEXAVALENTE 2DA DOSIS,Cohorte_4M,295
13503,VACUNA HEXAVALENTE 3RA DOSIS,Hexavalente_3d_6m,302
13503,VACUNA HEXAVALENTE REFUERZO,Hexavalente_ref_18m,318
13503,VACUNA MENINGOCOCICA CONJUGADA DOSIS UNICA,Cohorte_12M,295
13503,VACUNA MENINGOCOCICA RECOMBINANTE 1RA DOSIS,Cohorte_2M,273
13503,VACUNA MENINGOCOCICA RECOMBINANTE 2DA DOSIS,Cohorte_4M,294
13503,VACUNA MENINGOCOCICA RECOMBINANTE REFUERZO,Cohorte_18M,53
13503,VACUNA NEUMOCOCICA CONJUGADA 1RA DOSIS,Cohorte_2M,274
13503,VACUNA NEUMOCOCICA CONJUGADA 2DA DOSIS,Cohorte_4M,295
13503,VACUNA NEUMOCOCICA CONJUGADA REFUERZO,Cohorte_12M,299
13503,VACUNA NEUMOCOCICA POLISACARIDA,Neumococica_Polisacarida_65,216
13503,VACUNA SRP (TRIVIRICA) 1RA DOSIS,Cohorte_12M,297
13503,VACUNA SRP (TRIVIRICA) 2DA DOSIS,Cohorte_36M,284
13503,VACUNA VARICELA 1RA DOSIS,Cohorte_18M,330
13503,VACUNA VARICELA 2DA DOSIS,Cohorte_36M,287
13503,VACUNA VPH 4 BASICO,VPH_4basico,499
13503,VACUNA VPH 5 BASICO,VPH_5basico,395
13504,VACUNA BCG,BCG_RN,117
13504,VACUNA DTPA 1 BASICO,dTpa_1basico,144
13504,VACUNA DTPA 8 BASICO,dTpa_8basico,131
13504,VACUNA DTPA GESTANTES,dTpa_Gestantes,115
13504,VACUNA HEPATITIS A PEDIATRICA,Cohorte_18M,186
13504,VACUNA HEPATITIS B RN,HepB_RN,122
13504,VACUNA HEXAVALENTE 1RA DOSIS,Cohorte_2M,136
13504,VACUNA HEXAVALENTE 2DA DOSIS,Cohorte_4M,124
13504,VACUNA HEXAVALENTE 3RA DOSIS,Hexavalente_3d_6m,135
13504,VACUNA HEXAVALENTE REFUERZO,Hexavalente_ref_18m,187
13504,VACUNA MENINGOCOCICA CONJUGADA DOSIS UNICA,Cohorte_12M,155
13504,VACUNA MENINGOCOCICA RECOMBINANTE 1RA DOSIS,Cohorte_2M,137
13504,VACUNA MENINGOCOCICA RECOMBINANTE 2DA DOSIS,Cohorte_4M,123
13504,VACUNA MENINGOCOCICA RECOMBINANTE REFUERZO,Cohorte_18M,33
13504,VACUNA NEUMOCOCICA CONJUGADA 1RA DOSIS,Cohorte_2M,135
13504,VACUNA NEUMOCOCICA CONJUGADA 2DA DOSIS,Cohorte_4M,124
13504,VACUNA NEUMOCOCICA CONJUGADA REFUERZO,Cohorte_12M,156
13504,VACUNA NEUMOCOCICA POLISACARIDA,Neumococica_Polisacarida_65,77
13504,VACUNA SRP (TRIVIRICA) 1RA DOSIS,Cohorte_12M,158
13504,VACUNA SRP (TRIVIRICA) 2DA DOSIS,Cohorte_36M,137
13504,VACUNA VARICELA 1RA DOSIS,Cohorte_18M,194
13504,VACUNA VARICELA 2DA DOSIS,Cohorte_36M,146
13504,VACUNA VPH 4 BASICO,VPH_4basico,164
13504,VACUNA VPH 5 BASICO,VPH_5basico,103
13505,VACUNA BCG,BCG_RN,138
13505,VACUNA DTPA 1 BASICO,dTpa_1basico,145
13505,VACUNA DTPA 8 BASICO,dTpa_8basico,141
13505,VACUNA DTPA GESTANTES,dTpa_Gestantes,117
13505,VACUNA HEPATITIS A PEDIATRICA,Cohorte_18M,165
13505,VACUNA HEPATITIS B RN,HepB_RN,167
13505,VACUNA HEXAVALENTE 1RA DOSIS,Cohorte_2M,145
13505,VACUNA HEXAVALENTE 2DA DOSIS,Cohorte_4M,142
13505,VACUNA HEXAVALENTE 3RA DOSIS,Hexavalente_3d_6m,146
13505,VACUNA HEXAVALENTE REFUERZO,Hexavalente_ref_18m,166
13505,VACUNA MENINGOCOCICA CONJUGADA DOSIS UNICA,Cohorte_12M,161
13505,VACUNA MENINGOCOCICA RECOMBINANTE 1RA DOSIS,Cohorte_2M,165
13505,VACUNA MENINGOCOCICA RECOMBINANTE 2DA DOSIS,Cohorte_4M,150
13505,VACUNA MENINGOCOCICA RECOMBINANTE REFUERZO,Cohorte_18M,20
13505,VACUNA NEUMOCOCICA CONJUGADA 1RA DOSIS,Cohorte_2M,147
13505,VACUNA NEUMOCOCICA CONJUGADA 2DA DOSIS,Cohorte_4M,145
13505,VACUNA NEUMOCOCICA CONJUGADA REFUERZO,Cohorte_12M,160
13505,VACUNA NEUMOCOCICA POLISACARIDA,Neumococica_Polisacarida_65,86
13505,VACUNA SRP (TRIVIRICA) 1RA DOSIS,Cohorte_12M,160
13505,VACUNA SRP (TRIVIRICA) 2DA DOSIS,Cohorte_36M,101
13505,VACUNA VARICELA 1RA DOSIS,Cohorte_18M,172
13505,VACUNA VARICELA 2DA DOSIS,Cohorte_36M,105
13505,VACUNA VPH 4 BASICO,VPH_4basico,145
13505,VACUNA VPH 5 BASICO,VPH_5basico,127
13601,VACUNA BCG,BCG_RN,651
13601,VACUNA DTPA 1 BASICO,dTpa_1basico,1050
13601,VACUNA DTPA 8 BASICO,dTpa_8basico,1312
13601,VACUNA DTPA GESTANTES,dTpa_Gestantes,461
13601,VACUNA HEPATITIS A PEDIATRICA,Cohorte_18M,705
13601,VACUNA HEPATITIS B RN,HepB_RN,649
13601,VACUNA HEXAVALENTE 1RA DOSIS,Cohorte_2M,642
13601,VACUNA HEXAVALENTE 2DA DOSIS,Cohorte_4M,652
13601,VACUNA HEXAVALENTE 3RA DOSIS,Hexavalente_3d_6m,695
13601,VACUNA HEXAVALENTE REFUERZO,Hexavalente_ref_18m,714
13601,VACUNA MENINGOCOCICA CONJUGADA DOSIS UNICA,Cohorte_12M,694
13601,VACUNA MENINGOCOCICA RECOMBINANTE 1RA DOSIS,Cohorte_2M,639
13601,VACUNA MENINGOCOCICA RECOMBINANTE 2DA DOSIS,Cohorte_4M,652
13601,VACUNA MENINGOCOCICA RECOMBINANTE REFUERZO,Cohorte_18M,124
13601,VACUNA NEUMOCOCICA CONJUGADA 1RA DOSIS,Cohorte_2M,643
13601,VACUNA NEUMOCOCICA CONJUGADA 2DA DOSIS,Cohorte_4M,655
13601,VACUNA NEUMOCOCICA CONJUGADA REFUERZO,Cohorte_12M,696
13601,VACUNA NEUMOCOCICA POLISACARIDA,Neumococica_Polisacarida_65,380
13601,VACUNA SRP (TRIVIRICA) 1RA DOSIS,Cohorte_12M,702
13601,VACUNA SRP (TRIVIRICA) 2DA DOSIS,Cohorte_36M,613
13601,VACUNA VARICELA 1RA DOSIS,Cohorte_18M,733
13601,VACUNA VARICELA 2DA DOSIS,Cohorte_36M,640
13601,VACUNA VPH 4 BASICO,VPH_4basico,1229
13601,VACUNA VPH 5 BASICO,VPH_5basico,1042
13602,VACUNA BCG,BCG_RN,322
13602,VACUNA DTPA 1 BASICO,dTpa_1basico,398
13602,VACUNA DTPA 8 BASICO,dTpa_8basico,425
13602,VACUNA DTPA GESTANTES,dTpa_Gestantes,248
13602,VACUNA HEPATITIS A PEDIATRICA,Cohorte_18M,293
13602,VACUNA HEPATITIS B RN,HepB_RN,326
13602,VACUNA HEXAVALENTE 1RA DOSIS,Cohorte_2M,308
13602,VACUNA HEXAVALENTE 2DA DOSIS,Cohorte_4M,298
13602,VACUNA HEXAVALENTE 3RA DOSIS,Hexavalente_3d_6m,299
13602,VACUNA HEXAVALENTE REFUERZO,Hexavalente_ref_18m,307
13602,VACUNA MENINGOCOCICA CONJUGADA DOSIS UNICA,Cohorte_12M,244
13602,VACUNA MENINGOCOCICA RECOMBINANTE 1RA DOSIS,Cohorte_2M,307
13602,VACUNA MENINGOCOCICA RECOMBINANTE 2DA DOSIS,Cohorte_4M,299
13602,VACUNA MENINGOCOCICA RECOMBINANTE REFUERZO,Cohorte_18M,38
13602,VACUNA NEUMOCOCICA CONJUGADA 1RA DOSIS,Cohorte_2M,308
13602,VACUNA NEUMOCOCICA CONJUGADA 2DA DOSIS,Cohorte_4M,298
13602,VACUNA NEUMOCOCICA CONJUGADA REFUERZO,Cohorte_12M,277
13602,VACUNA NEUMOCOCICA POLISACARIDA,Neumococica_Polisacarida_65,281
13602,VACUNA SRP (TRIVIRICA) 1RA DOSIS,Cohorte_12M,275
13602,VACUNA SRP (TRIVIRICA) 2DA DOSIS,Cohorte_36M,269
13602,VACUNA VARICELA 1RA DOSIS,Cohorte_18M,312
13602,VACUNA VARICELA 2DA DOSIS,Cohorte_36M,277
13602,VACUNA VPH 4 BASICO,VPH_4basico,520
13602,VACUNA VPH 5 BASICO,VPH_5basico,432
13603,VACUNA BCG,BCG_RN,324
13603,VACUNA DTPA 1 BASICO,dTpa_1basico,421
13603,VACUNA DTPA 8 BASICO,dTpa_8basico,462
13603,VACUNA DTPA GESTANTES,dTpa_Gestantes,298
13603,VACUNA HEPATITIS A PEDIATRICA,Cohorte_18M,389
13603,VACUNA HEPATITIS B RN,HepB_RN,321
13603,VACUNA HEXAVALENTE 1RA DOSIS,Cohorte_2M,325
13603,VACUNA HEXAVALENTE 2DA DOSIS,Cohorte_4M,338
13603,VACUNA HEXAVALENTE 3RA DOSIS,Hexavalente_3d_6m,351
13603,VACUNA HEXAVALENTE REFUERZO,Hexavalente_ref_18m,391
13603,VACUNA MENINGOCOCICA CONJUGADA DOSIS UNICA,Cohorte_12M,376
13603,VACUNA MENINGOCOCICA RECOMBINANTE 1RA DOSIS,Cohorte_2M,334
13603,VACUNA MENINGOCOCICA RECOMBINANTE 2DA DOSIS,Cohorte_4M,342
13603,VACUNA MENINGOCOCICA RECOMBINANTE REFUERZO,Cohorte_18M,66
13603,VACUNA NEUMOCOCICA CONJUGADA 1RA DOSIS,Cohorte_2M,324
13603,VACUNA NEUMOCOCICA CONJUGADA 2DA DOSIS,Cohorte_4M,338
13603,VACUNA NEUMOCOCICA CONJUGADA REFUERZO,Cohorte_12M,374
13603,VACUNA NEUMOCOCICA POLISACARIDA,Neumococica_Polisacarida_65,242
13603,VACUNA SRP (TRIVIRICA) 1RA DOSIS,Cohorte_12M,377
13603,VACUNA SRP (TRIVIRICA) 2DA DOSIS,Cohorte_36M,357
13603,VACUNA VARICELA 1RA DOSIS,Cohorte_18M,403
13603,VACUNA VARICELA 2DA DOSIS,Cohorte_36M,371
13603,VACUNA VPH 4 BASICO,VPH_4basico,478
13603,VACUNA VPH 5 BASICO,VPH_5basico,413
13604,VACUNA BCG,BCG_RN,707
13604,VACUNA DTPA 1 BASICO,dTpa_1basico,991
13604,VACUNA DTPA 8 BASICO,dTpa_8basico,993
13604,VACUNA DTPA GESTANTES,dTpa_Gestantes,576
13604,VACUNA HEPATITIS A PEDIATRICA,Cohorte_18M,802
13604,VACUNA HEPATITIS B RN,HepB_RN,704
13604,VACUNA HEXAVALENTE 1RA DOSIS,Cohorte_2M,729
13604,VACUNA HEXAVALENTE 2DA DOSIS,Cohorte_4M,759
13604,VACUNA HEXAVALENTE 3RA DOSIS,Hexavalente_3d_6m,780
13604,VACUNA HEXAVALENTE REFUERZO,Hexavalente_ref_18m,809
13604,VACUNA MENINGOCOCICA CONJUGADA DOSIS UNICA,Cohorte_12M,799
13604,VACUNA MENINGOCOCICA RECOMBINANTE 1RA DOSIS,Cohorte_2M,728
13604,VACUNA MENINGOCOCICA RECOMBINANTE 2DA DOSIS,Cohorte_4M,762
13604,VACUNA MENINGOCOCICA RECOMBINANTE REFUERZO,Cohorte_18M,158
13604,VACUNA NEUMOCOCICA CONJUGADA 1RA DOSIS,Cohorte_2M,730
13604,VACUNA NEUMOCOCICA CONJUGADA 2DA DOSIS,Cohorte_4M,761
13604,VACUNA NEUMOCOCICA CONJUGADA REFUERZO,Cohorte_12M,789
13604,VACUNA NEUMOCOCICA POLISACARIDA,Neumococica_Polisacarida_65,339
13604,VACUNA SRP (TRIVIRICA) 1RA DOSIS,Cohorte_12M,797
13604,VACUNA SRP (TRIVIRICA) 2DA DOSIS,Cohorte_36M,684
13604,VACUNA VARICELA 1RA DOSIS,Cohorte_18M,826
13604,VACUNA VARICELA 2DA DOSIS,Cohorte_36M,699
13604,VACUNA VPH 4 BASICO,VPH_4basico,1031
13604,VACUNA VPH 5 BASICO,VPH_5basico,923
13605,VACUNA BCG,BCG_RN,656
13605,VACUNA DTPA 1 BASICO,dTpa_1basico,1009
13605,VACUNA DTPA 8 BASICO,dTpa_8basico,1138
13605,VACUNA DTPA GESTANTES,dTpa_Gestantes,591
13605,VACUNA HEPATITIS A PEDIATRICA,Cohorte_18M,828
13605,VACUNA HEPATITIS B RN,HepB_RN,660
13605,VACUNA HEXAVALENTE 1RA DOSIS,Cohorte_2M,652
13605,VACUNA HEXAVALENTE 2DA DOSIS,Cohorte_4M,701
13605,VACUNA HEXAVALENTE 3RA DOSIS,Hexavalente_3d_6m,694
13605,VACUNA HEXAVALENTE REFUERZO,Hexavalente_ref_18m,831
13605,VACUNA MENINGOCOCICA CONJUGADA DOSIS UNICA,Cohorte_12M,767
13605,VACUNA MENINGOCOCICA RECOMBINANTE 1RA DOSIS,Cohorte_2M,657
13605,VACUNA MENINGOCOCICA RECOMBINANTE 2DA DOSIS,Cohorte_4M,704
13605,VACUNA MENINGOCOCICA RECOMBINANTE REFUERZO,Cohorte_18M,139
13605,VACUNA NEUMOCOCICA CONJUGADA 1RA DOSIS,Cohorte_2M,653
13605,VACUNA NEUMOCOCICA CONJUGADA 2DA DOSIS,Cohorte_4M,701
13605,VACUNA NEUMOCOCICA CONJUGADA REFUERZO,Cohorte_12M,766
13605,VACUNA NEUMOCOCICA POLISACARIDA,Neumococica_Polisacarida_65,652
13605,VACUNA SRP (TRIVIRICA) 1RA DOSIS,Cohorte_12M,767
13605,VACUNA SRP (TRIVIRICA) 2DA DOSIS,Cohorte_36M,729
13605,VACUNA VARICELA 1RA DOSIS,Cohorte_18M,857
13605,VACUNA VARICELA 2DA DOSIS,Cohorte_36M,751
13605,VACUNA VPH 4 BASICO,VPH_4basico,1136
13605,VACUNA VPH 5 BASICO,VPH_5basico,1004
