COD_COMUNA_RESID,COMUNA_RESIDENCIA,VACUNA_DASHBOARD,CLAVE_DENOMINADOR,VACUNAS_ADMINISTRADAS
13101,Santiago,VACUNA BCG,BCG_HepB_RN,4357
13101,Santiago,VACUNA HEPATITIS A PEDIATRICA,Varicela_1d_HepA_18m,3912
13101,Santiago,VACUNA HEPATITIS B RN,BCG_HepB_RN,3864
13101,Santiago,VACUNA HEXAVALENTE 3RA DOSIS,Hexavalente_3d_6m,3711
13101,Santiago,VACUNA MENINGOCOCICA DOSIS UNICA,Trivirica_1d_Neumo_Meningo_12m,4373
13101,Santiago,VACUNA NEUMOCOCICA CONJUGADA REFUERZO,Trivirica_1d_Neumo_Meningo_12m,3740
13101,Santiago,VACUNA NEUMOCOCICA POLISACARIDA 23V ADULTOS,NEUMO_23V_65,4178
13101,Santiago,VACUNA SRP (TRIVIRICA) 1RA DOSIS,Trivirica_1d_Neumo_Meningo_12m,4007
13101,Santiago,VACUNA SRP (TRIVIRICA) 2DA DOSIS,Trivirica_2d_Varicela_2d_36m,3365
13101,Santiago,VACUNA VARICELA 1RA DOSIS,Varicela_1d_HepA_18m,4048
13101,Santiago,VACUNA VARICELA 2DA DOSIS,Trivirica_2d_Varicela_2d_36m,3340
13102,Cerrillos,VACUNA BCG,BCG_HepB_RN,608
13102,Cerrillos,VACUNA HEPATITIS A PEDIATRICA,Varicela_1d_HepA_18m,820
13102,Cerrillos,VACUNA HEPATITIS B RN,BCG_HepB_RN,623
13102,Cerrillos,VACUNA HEXAVALENTE 3RA DOSIS,Hexavalente_3d_6m,714
13102,Cerrillos,VACUNA MENINGOCOCICA DOSIS UNICA,Trivirica_1d_Neumo_Meningo_12m,783
13102,Cerrillos,VACUNA NEUMOCOCICA CONJUGADA REFUERZO,Trivirica_1d_Neumo_Meningo_12m,775
13102,Cerrillos,VACUNA NEUMOCOCICA POLISACARIDA 23V ADULTOS,NEUMO_23V_65,966
13102,Cerrillos,VACUNA SRP (TRIVIRICA) 1RA DOSIS,Trivirica_1d_Neumo_Meningo_12m,783
13102,Cerrillos,VACUNA SRP (TRIVIRICA) 2DA DOSIS,Trivirica_2d_Varicela_2d_36m,738
13102,Cerrillos,VACUNA VARICELA 1RA DOSIS,Varicela_1d_HepA_18m,854
13102,Cerrillos,VACUNA VARICELA 2DA DOSIS,Trivirica_2d_Varicela_2d_36m,711
13103,Cerro Navia,VACUNA BCG,BCG_HepB_RN,1163
13103,Cerro Navia,VACUNA HEPATITIS A PEDIATRICA,Varicela_1d_HepA_18m,1361
13103,Cerro Navia,VACUNA HEPATITIS B RN,BCG_HepB_RN,1105
13103,Cerro Navia,VACUNA HEXAVALENTE 3RA DOSIS,Hexavalente_3d_6m,1180
13103,Cerro Navia,VACUNA MENINGOCOCICA DOSIS UNICA,Trivirica_1d_Neumo_Meningo_12m,1239
13103,Cerro Navia,VACUNA NEUMOCOCICA CONJUGADA REFUERZO,Trivirica_1d_Neumo_Meningo_12m,1251
13103,Cerro Navia,VACUNA NEUMOCOCICA POLISACARIDA 23V ADULTOS,NEUMO_23V_65,1609
13103,Cerro Navia,VACUNA SRP (TRIVIRICA) 1RA DOSIS,Trivirica_1d_Neumo_Meningo_12m,1279
13103,Cerro Navia,VACUNA SRP (TRIVIRICA) 2DA DOSIS,Trivirica_2d_Varicela_2d_36m,1183
13103,Cerro Navia,VACUNA VARICELA 1RA DOSIS,Varicela_1d_HepA_18m,1353
13103,Cerro Navia,VACUNA VARICELA 2DA DOSIS,Trivirica_2d_Varicela_2d_36m,1094
13104,Conchalí,VACUNA BCG,BCG_HepB_RN,874
13104,Conchalí,VACUNA HEPATITIS A PEDIATRICA,Varicela_1d_HepA_18m,1101
13104,Conchalí,VACUNA HEPATITIS B RN,BCG_HepB_RN,856
13104,Conchalí,VACUNA HEXAVALENTE 3RA DOSIS,Hexavalente_3d_6m,951
13104,Conchalí,VACUNA MENINGOCOCICA DOSIS UNICA,Trivirica_1d_Neumo_Meningo_12m,1118
13104,Conchalí,VACUNA NEUMOCOCICA CONJUGADA REFUERZO,Trivirica_1d_Neumo_Meningo_12m,1075
13104,Conchalí,VACUNA NEUMOCOCICA POLISACARIDA 23V ADULTOS,NEUMO_23V_65,1351
13104,Conchalí,VACUNA SRP (TRIVIRICA) 1RA DOSIS,Trivirica_1d_Neumo_Meningo_12m,1097
13104,Conchalí,VACUNA SRP (TRIVIRICA) 2DA DOSIS,Trivirica_2d_Varicela_2d_36m,931
13104,Conchalí,VACUNA VARICELA 1RA DOSIS,Varicela_1d_HepA_18m,1107
13104,Conchalí,VACUNA VARICELA 2DA DOSIS,Trivirica_2d_Varicela_2d_36m,1037
13105,El Bosque,VACUNA BCG,BCG_HepB_RN,1140
13105,El Bosque,VACUNA HEPATITIS A PEDIATRICA,Varicela_1d_HepA_18m,1702
13105,El Bosque,VACUNA HEPATITIS B RN,BCG_HepB_RN,1123
13105,El Bosque,VACUNA HEXAVALENTE 3RA DOSIS,Hexavalente_3d_6m,1389
13105,El Bosque,VACUNA MENINGOCOCICA DOSIS UNICA,Trivirica_1d_Neumo_Meningo_12m,1600
13105,El Bosque,VACUNA NEUMOCOCICA CONJUGADA REFUERZO,Trivirica_1d_Neumo_Meningo_12m,1506
13105,El Bosque,VACUNA NEUMOCOCICA POLISACARIDA 23V ADULTOS,NEUMO_23V_65,1516
13105,El Bosque,VACUNA SRP (TRIVIRICA) 1RA DOSIS,Trivirica_1d_Neumo_Meningo_12m,1555
13105,El Bosque,VACUNA SRP (TRIVIRICA) 2DA DOSIS,Trivirica_2d_Varicela_2d_36m,1802
13105,El Bosque,VACUNA VARICELA 1RA DOSIS,Varicela_1d_HepA_18m,1692
13105,El Bosque,VACUNA VARICELA 2DA DOSIS,Trivirica_2d_Varicela_2d_36m,1580
13106,Estación Central,VACUNA BCG,BCG_HepB_RN,1305
13106,Estación Central,VACUNA HEPATITIS A PEDIATRICA,Varicela_1d_HepA_18m,1731
13106,Estación Central,VACUNA HEPATITIS B RN,BCG_HepB_RN,1163
13106,Estación Central,VACUNA HEXAVALENTE 3RA DOSIS,Hexavalente_3d_6m,1473
13106,Estación Central,VACUNA MENINGOCOCICA DOSIS UNICA,Trivirica_1d_Neumo_Meningo_12m,1768
13106,Estación Central,VACUNA NEUMOCOCICA CONJUGADA REFUERZO,Trivirica_1d_Neumo_Meningo_12m,1537
13106,Estación Central,VACUNA NEUMOCOCICA POLISACARIDA 23V ADULTOS,NEUMO_23V_65,1196
13106,Estación Central,VACUNA SRP (TRIVIRICA) 1RA DOSIS,Trivirica_1d_Neumo_Meningo_12m,1652
13106,Estación Central,VACUNA SRP (TRIVIRICA) 2DA DOSIS,Trivirica_2d_Varicela_2d_36m,1256
13106,Estación Central,VACUNA VARICELA 1RA DOSIS,Varicela_1d_HepA_18m,1764
13106,Estación Central,VACUNA VARICELA 2DA DOSIS,Trivirica_2d_Varicela_2d_36m,1430
13107,Huechuraba,VACUNA BCG,BCG_HepB_RN,822
13107,Huechuraba,VACUNA HEPATITIS A PEDIATRICA,Varicela_1d_HepA_18m,895
13107,Huechuraba,VACUNA HEPATITIS B RN,BCG_HepB_RN,808
13107,Huechuraba,VACUNA HEXAVALENTE 3RA DOSIS,Hexavalente_3d_6m,816
13107,Huechuraba,VACUNA MENINGOCOCICA DOSIS UNICA,Trivirica_1d_Neumo_Meningo_12m,905
13107,Huechuraba,VACUNA NEUMOCOCICA CONJUGADA REFUERZO,Trivirica_1d_Neumo_Meningo_12m,899
13107,Huechuraba,VACUNA NEUMOCOCICA POLISACARIDA 23V ADULTOS,NEUMO_23V_65,829
13107,Huechuraba,VACUNA SRP (TRIVIRICA) 1RA DOSIS,Trivirica_1d_Neumo_Meningo_12m,896
13107,Huechuraba,VACUNA SRP (TRIVIRICA) 2DA DOSIS,Trivirica_2d_Varicela_2d_36m,804
13107,Huechuraba,VACUNA VARICELA 1RA DOSIS,Varicela_1d_HepA_18m,1025
13107,Huechuraba,VACUNA VARICELA 2DA DOSIS,Trivirica_2d_Varicela_2d_36m,908
13108,Independencia,VACUNA BCG,BCG_HepB_RN,1121
13108,Independencia,VACUNA HEPATITIS A PEDIATRICA,Varicela_1d_HepA_18m,1446
13108,Independencia,VACUNA HEPATITIS B RN,BCG_HepB_RN,1102
13108,Independencia,VACUNA HEXAVALENTE 3RA DOSIS,Hexavalente_3d_6m,1137
13108,Independencia,VACUNA MENINGOCOCICA DOSIS UNICA,Trivirica_1d_Neumo_Meningo_12m,1738
13108,Independencia,VACUNA NEUMOCOCICA CONJUGADA REFUERZO,Trivirica_1d_Neumo_Meningo_12m,1274
13108,Independencia,VACUNA NEUMOCOCICA POLISACARIDA 23V ADULTOS,NEUMO_23V_65,1871
13108,Independencia,VACUNA SRP (TRIVIRICA) 1RA DOSIS,Trivirica_1d_Neumo_Meningo_12m,1302
13108,Independencia,VACUNA SRP (TRIVIRICA) 2DA DOSIS,Trivirica_2d_Varicela_2d_36m,1357
13108,Independencia,VACUNA VARICELA 1RA DOSIS,Varicela_1d_HepA_18m,1409
13108,Independencia,VACUNA VARICELA 2DA DOSIS,Trivirica_2d_Varicela_2d_36m,1311
13109,La Cisterna,VACUNA BCG,BCG_HepB_RN,794
13109,La Cisterna,VACUNA HEPATITIS A PEDIATRICA,Varicela_1d_HepA_18m,895
13109,La Cisterna,VACUNA HEPATITIS B RN,BCG_HepB_RN,788
13109,La Cisterna,VACUNA HEXAVALENTE 3RA DOSIS,Hexavalente_3d_6m,812
13109,La Cisterna,VACUNA MENINGOCOCICA DOSIS UNICA,Trivirica_1d_Neumo_Meningo_12m,989
13109,La Cisterna,VACUNA NEUMOCOCICA CONJUGADA REFUERZO,Trivirica_1d_Neumo_Meningo_12m,842
13109,La Cisterna,VACUNA NEUMOCOCICA POLISACARIDA 23V ADULTOS,NEUMO_23V_65,1437
13109,La Cisterna,VACUNA SRP (TRIVIRICA) 1RA DOSIS,Trivirica_1d_Neumo_Meningo_12m,1606
13109,La Cisterna,VACUNA SRP (TRIVIRICA) 2DA DOSIS,Trivirica_2d_Varicela_2d_36m,1473
13109,La Cisterna,VACUNA VARICELA 1RA DOSIS,Varicela_1d_HepA_18m,887
13109,La Cisterna,VACUNA VARICELA 2DA DOSIS,Trivirica_2d_Varicela_2d_36m,910
13110,La Florida,VACUNA BCG,BCG_HepB_RN,3159
13110,La Florida,VACUNA HEPATITIS A PEDIATRICA,Varicela_1d_HepA_18m,3660
13110,La Florida,VACUNA HEPATITIS B RN,BCG_HepB_RN,2997
13110,La Florida,VACUNA HEXAVALENTE 3RA DOSIS,Hexavalente_3d_6m,3557
13110,La Florida,VACUNA MENINGOCOCICA DOSIS UNICA,Trivirica_1d_Neumo_Meningo_12m,3795
13110,La Florida,VACUNA NEUMOCOCICA CONJUGADA REFUERZO,Trivirica_1d_Neumo_Meningo_12m,3648
13110,La Florida,VACUNA NEUMOCOCICA POLISACARIDA 23V ADULTOS,NEUMO_23V_65,9372
13110,La Florida,VACUNA SRP (TRIVIRICA) 1RA DOSIS,Trivirica_1d_Neumo_Meningo_12m,3752
13110,La Florida,VACUNA SRP (TRIVIRICA) 2DA DOSIS,Trivirica_2d_Varicela_2d_36m,3481
13110,La Florida,VACUNA VARICELA 1RA DOSIS,Varicela_1d_HepA_18m,3779
13110,La Florida,VACUNA VARICELA 2DA DOSIS,Trivirica_2d_Varicela_2d_36m,3206
13111,La Granja,VACUNA BCG,BCG_HepB_RN,803
13111,La Granja,VACUNA HEPATITIS A PEDIATRICA,Varicela_1d_HepA_18m,1171
13111,La Granja,VACUNA HEPATITIS B RN,BCG_HepB_RN,782
13111,La Granja,VACUNA HEXAVALENTE 3RA DOSIS,Hexavalente_3d_6m,1018
13111,La Granja,VACUNA MENINGOCOCICA DOSIS UNICA,Trivirica_1d_Neumo_Meningo_12m,1103
13111,La Granja,VACUNA NEUMOCOCICA CONJUGADA REFUERZO,Trivirica_1d_Neumo_Meningo_12m,1027
13111,La Granja,VACUNA NEUMOCOCICA POLISACARIDA 23V ADULTOS,NEUMO_23V_65,1618
13111,La Granja,VACUNA SRP (TRIVIRICA) 1RA DOSIS,Trivirica_1d_Neumo_Meningo_12m,1056
13111,La Granja,VACUNA SRP (TRIVIRICA) 2DA DOSIS,Trivirica_2d_Varicela_2d_36m,1080
13111,La Granja,VACUNA VARICELA 1RA DOSIS,Varicela_1d_HepA_18m,1120
13111,La Granja,VACUNA VARICELA 2DA DOSIS,Trivirica_2d_Varicela_2d_36m,1104
13112,La Pintana,VACUNA BCG,BCG_HepB_RN,1369
13112,La Pintana,VACUNA HEPATITIS A PEDIATRICA,Varicela_1d_HepA_18m,1617
13112,La Pintana,VACUNA HEPATITIS B RN,BCG_HepB_RN,1354
13112,La Pintana,VACUNA HEXAVALENTE 3RA DOSIS,Hexavalente_3d_6m,1470
13112,La Pintana,VACUNA MENINGOCOCICA DOSIS UNICA,Trivirica_1d_Neumo_Meningo_12m,1549
13112,La Pintana,VACUNA NEUMOCOCICA CONJUGADA REFUERZO,Trivirica_1d_Neumo_Meningo_12m,1510
13112,La Pintana,VACUNA NEUMOCOCICA POLISACARIDA 23V ADULTOS,NEUMO_23V_65,1521
13112,La Pintana,VACUNA SRP (TRIVIRICA) 1RA DOSIS,Trivirica_1d_Neumo_Meningo_12m,1613
13112,La Pintana,VACUNA SRP (TRIVIRICA) 2DA DOSIS,Trivirica_2d_Varicela_2d_36m,1685
13112,La Pintana,VACUNA VARICELA 1RA DOSIS,Varicela_1d_HepA_18m,1601
13112,La Pintana,VACUNA VARICELA 2DA DOSIS,Trivirica_2d_Varicela_2d_36m,1562
13113,La Reina,VACUNA BCG,BCG_HepB_RN,515
13113,La Reina,VACUNA HEPATITIS A PEDIATRICA,Varicela_1d_HepA_18m,549
13113,La Reina,VACUNA HEPATITIS B RN,BCG_HepB_RN,491
13113,La Reina,VACUNA HEXAVALENTE 3RA DOSIS,Hexavalente_3d_6m,539
13113,La Reina,VACUNA MENINGOCOCICA DOSIS UNICA,Trivirica_1d_Neumo_Meningo_12m,585
13113,La Reina,VACUNA NEUMOCOCICA CONJUGADA REFUERZO,Trivirica_1d_Neumo_Meningo_12m,594
13113,La Reina,VACUNA NEUMOCOCICA POLISACARIDA 23V ADULTOS,NEUMO_23V_65,1694
13113,La Reina,VACUNA SRP (TRIVIRICA) 1RA DOSIS,Trivirica_1d_Neumo_Meningo_12m,599
13113,La Reina,VACUNA SRP (TRIVIRICA) 2DA DOSIS,Trivirica_2d_Varicela_2d_36m,642
13113,La Reina,VACUNA VARICELA 1RA DOSIS,Varicela_1d_HepA_18m,784
13113,La Reina,VACUNA VARICELA 2DA DOSIS,Trivirica_2d_Varicela_2d_36m,764
13114,Las Condes,VACUNA BCG,BCG_HepB_RN,2623
13114,Las Condes,VACUNA HEPATITIS A PEDIATRICA,Varicela_1d_HepA_18m,2351
13114,Las Condes,VACUNA HEPATITIS B RN,BCG_HepB_RN,2670
13114,Las Condes,VACUNA HEXAVALENTE 3RA DOSIS,Hexavalente_3d_6m,2942
13114,Las Condes,VACUNA MENINGOCOCICA DOSIS UNICA,Trivirica_1d_Neumo_Meningo_12m,2954
13114,Las Condes,VACUNA NEUMOCOCICA CONJUGADA REFUERZO,Trivirica_1d_Neumo_Meningo_12m,3020
13114,Las Condes,VACUNA NEUMOCOCICA POLISACARIDA 23V ADULTOS,NEUMO_23V_65,3113
13114,Las Condes,VACUNA SRP (TRIVIRICA) 1RA DOSIS,Trivirica_1d_Neumo_Meningo_12m,3035
13114,Las Condes,VACUNA SRP (TRIVIRICA) 2DA DOSIS,Trivirica_2d_Varicela_2d_36m,2632
13114,Las Condes,VACUNA VARICELA 1RA DOSIS,Varicela_1d_HepA_18m,3468
13114,Las Condes,VACUNA VARICELA 2DA DOSIS,Trivirica_2d_Varicela_2d_36m,3211
13115,Lo Barnechea,VACUNA BCG,BCG_HepB_RN,920
13115,Lo Barnechea,VACUNA HEPATITIS A PEDIATRICA,Varicela_1d_HepA_18m,1040
13115,Lo Barnechea,VACUNA HEPATITIS B RN,BCG_HepB_RN,840
13115,Lo Barnechea,VACUNA HEXAVALENTE 3RA DOSIS,Hexavalente_3d_6m,1079
13115,Lo Barnechea,VACUNA MENINGOCOCICA DOSIS UNICA,Trivirica_1d_Neumo_Meningo_12m,1201
13115,Lo Barnechea,VACUNA NEUMOCOCICA CONJUGADA REFUERZO,Trivirica_1d_Neumo_Meningo_12m,1150
13115,Lo Barnechea,VACUNA NEUMOCOCICA POLISACARIDA 23V ADULTOS,NEUMO_23V_65,1251
13115,Lo Barnechea,VACUNA SRP (TRIVIRICA) 1RA DOSIS,Trivirica_1d_Neumo_Meningo_12m,1172
13115,Lo Barnechea,VACUNA SRP (TRIVIRICA) 2DA DOSIS,Trivirica_2d_Varicela_2d_36m,1120
13115,Lo Barnechea,VACUNA VARICELA 1RA DOSIS,Varicela_1d_HepA_18m,1335
13115,Lo Barnechea,VACUNA VARICELA 2DA DOSIS,Trivirica_2d_Varicela_2d_36m,1431
13116,Lo Espejo,VACUNA BCG,BCG_HepB_RN,679
13116,Lo Espejo,VACUNA HEPATITIS A PEDIATRICA,Varicela_1d_HepA_18m,973
13116,Lo Espejo,VACUNA HEPATITIS B RN,BCG_HepB_RN,677
13116,Lo Espejo,VACUNA HEXAVALENTE 3RA DOSIS,Hexavalente_3d_6m,796
13116,Lo Espejo,VACUNA MENINGOCOCICA DOSIS UNICA,Trivirica_1d_Neumo_Meningo_12m,970
13116,Lo Espejo,VACUNA NEUMOCOCICA CONJUGADA REFUERZO,Trivirica_1d_Neumo_Meningo_12m,909
13116,Lo Espejo,VACUNA NEUMOCOCICA POLISACARIDA 23V ADULTOS,NEUMO_23V_65,1334
13116,Lo Espejo,VACUNA SRP (TRIVIRICA) 1RA DOSIS,Trivirica_1d_Neumo_Meningo_12m,925
13116,Lo Espejo,VACUNA SRP (TRIVIRICA) 2DA DOSIS,Trivirica_2d_Varicela_2d_36m,940
13116,Lo Espejo,VACUNA VARICELA 1RA DOSIS,Varicela_1d_HepA_18m,955
13116,Lo Espejo,VACUNA VARICELA 2DA DOSIS,Trivirica_2d_Varicela_2d_36m,989
13117,Lo Prado,VACUNA BCG,BCG_HepB_RN,600
13117,Lo Prado,VACUNA HEPATITIS A PEDIATRICA,Varicela_1d_HepA_18m,1069
13117,Lo Prado,VACUNA HEPATITIS B RN,BCG_HepB_RN,530
13117,Lo Prado,VACUNA HEXAVALENTE 3RA DOSIS,Hexavalente_3d_6m,882
13117,Lo Prado,VACUNA MENINGOCOCICA DOSIS UNICA,Trivirica_1d_Neumo_Meningo_12m,1052
13117,Lo Prado,VACUNA NEUMOCOCICA CONJUGADA REFUERZO,Trivirica_1d_Neumo_Meningo_12m,968
13117,Lo Prado,VACUNA NEUMOCOCICA POLISACARIDA 23V ADULTOS,NEUMO_23V_65,1130
13117,Lo Prado,VACUNA SRP (TRIVIRICA) 1RA DOSIS,Trivirica_1d_Neumo_Meningo_12m,1009
13117,Lo Prado,VACUNA SRP (TRIVIRICA) 2DA DOSIS,Trivirica_2d_Varicela_2d_36m,1176
13117,Lo Prado,VACUNA VARICELA 1RA DOSIS,Varicela_1d_HepA_18m,1077
13117,Lo Prado,VACUNA VARICELA 2DA DOSIS,Trivirica_2d_Varicela_2d_36m,975
13118,Macul,VACUNA BCG,BCG_HepB_RN,919
13118,Macul,VACUNA HEPATITIS A PEDIATRICA,Varicela_1d_HepA_18m,938
13118,Macul,VACUNA HEPATITIS B RN,BCG_HepB_RN,907
13118,Macul,VACUNA HEXAVALENTE 3RA DOSIS,Hexavalente_3d_6m,897
13118,Macul,VACUNA MENINGOCOCICA DOSIS UNICA,Trivirica_1d_Neumo_Meningo_12m,959
13118,Macul,VACUNA NEUMOCOCICA CONJUGADA REFUERZO,Trivirica_1d_Neumo_Meningo_12m,914
13118,Macul,VACUNA NEUMOCOCICA POLISACARIDA 23V ADULTOS,NEUMO_23V_65,1750
13118,Macul,VACUNA SRP (TRIVIRICA) 1RA DOSIS,Trivirica_1d_Neumo_Meningo_12m,938
13118,Macul,VACUNA SRP (TRIVIRICA) 2DA DOSIS,Trivirica_2d_Varicela_2d_36m,840
13118,Macul,VACUNA VARICELA 1RA DOSIS,Varicela_1d_HepA_18m,999
13118,Macul,VACUNA VARICELA 2DA DOSIS,Trivirica_2d_Varicela_2d_36m,887
13119,Maipú,VACUNA BCG,BCG_HepB_RN,3447
13119,Maipú,VACUNA HEPATITIS A PEDIATRICA,Varicela_1d_HepA_18m,3761
13119,Maipú,VACUNA HEPATITIS B RN,BCG_HepB_RN,3378
13119,Maipú,VACUNA HEXAVALENTE 3RA DOSIS,Hexavalente_3d_6m,3307
13119,Maipú,VACUNA MENINGOCOCICA DOSIS UNICA,Trivirica_1d_Neumo_Meningo_12m,3733
13119,Maipú,VACUNA NEUMOCOCICA CONJUGADA REFUERZO,Trivirica_1d_Neumo_Meningo_12m,3667
13119,Maipú,VACUNA NEUMOCOCICA POLISACARIDA 23V ADULTOS,NEUMO_23V_65,6036
13119,Maipú,VACUNA SRP (TRIVIRICA) 1RA DOSIS,Trivirica_1d_Neumo_Meningo_12m,3874
13119,Maipú,VACUNA SRP (TRIVIRICA) 2DA DOSIS,Trivirica_2d_Varicela_2d_36m,3841
13119,Maipú,VACUNA VARICELA 1RA DOSIS,Varicela_1d_HepA_18m,4037
13119,Maipú,VACUNA VARICELA 2DA DOSIS,Trivirica_2d_Varicela_2d_36m,3554
13120,Ñuñoa,VACUNA BCG,BCG_HepB_RN,1934
13120,Ñuñoa,VACUNA HEPATITIS A PEDIATRICA,Varicela_1d_HepA_18m,1768
13120,Ñuñoa,VACUNA HEPATITIS B RN,BCG_HepB_RN,1864
13120,Ñuñoa,VACUNA HEXAVALENTE 3RA DOSIS,Hexavalente_3d_6m,2023
13120,Ñuñoa,VACUNA MENINGOCOCICA DOSIS UNICA,Trivirica_1d_Neumo_Meningo_12m,2085
13120,Ñuñoa,VACUNA NEUMOCOCICA CONJUGADA REFUERZO,Trivirica_1d_Neumo_Meningo_12m,2037
13120,Ñuñoa,VACUNA NEUMOCOCICA POLISACARIDA 23V ADULTOS,NEUMO_23V_65,3351
13120,Ñuñoa,VACUNA SRP (TRIVIRICA) 1RA DOSIS,Trivirica_1d_Neumo_Meningo_12m,2064
13120,Ñuñoa,VACUNA SRP (TRIVIRICA) 2DA DOSIS,Trivirica_2d_Varicela_2d_36m,1748
13120,Ñuñoa,VACUNA VARICELA 1RA DOSIS,Varicela_1d_HepA_18m,2266
13120,Ñuñoa,VACUNA VARICELA 2DA DOSIS,Trivirica_2d_Varicela_2d_36m,1937
13121,Pedro Aguirre Cerda,VACUNA BCG,BCG_HepB_RN,667
13121,Pedro Aguirre Cerda,VACUNA HEPATITIS A PEDIATRICA,Varicela_1d_HepA_18m,1015
13121,Pedro Aguirre Cerda,VACUNA HEPATITIS B RN,BCG_HepB_RN,655
13121,Pedro Aguirre Cerda,VACUNA HEXAVALENTE 3RA DOSIS,Hexavalente_3d_6m,750
13121,Pedro Aguirre Cerda,VACUNA MENINGOCOCICA DOSIS UNICA,Trivirica_1d_Neumo_Meningo_12m,918
13121,Pedro Aguirre Cerda,VACUNA NEUMOCOCICA CONJUGADA REFUERZO,Trivirica_1d_Neumo_Meningo_12m,849
13121,Pedro Aguirre Cerda,VACUNA NEUMOCOCICA POLISACARIDA 23V ADULTOS,NEUMO_23V_65,1406
13121,Pedro Aguirre Cerda,VACUNA SRP (TRIVIRICA) 1RA DOSIS,Trivirica_1d_Neumo_Meningo_12m,897
13121,Pedro Aguirre Cerda,VACUNA SRP (TRIVIRICA) 2DA DOSIS,Trivirica_2d_Varicela_2d_36m,1002
13121,Pedro Aguirre Cerda,VACUNA VARICELA 1RA DOSIS,Varicela_1d_HepA_18m,1008
13121,Pedro Aguirre Cerda,VACUNA VARICELA 2DA DOSIS,Trivirica_2d_Varicela_2d_36m,968
13122,Peñalolén,VACUNA BCG,BCG_HepB_RN,1635
13122,Peñalolén,VACUNA HEPATITIS A PEDIATRICA,Varicela_1d_HepA_18m,1986
13122,Peñalolén,VACUNA HEPATITIS B RN,BCG_HepB_RN,1629
13122,Peñalolén,VACUNA HEXAVALENTE 3RA DOSIS,Hexavalente_3d_6m,1892
13122,Peñalolén,VACUNA MENINGOCOCICA DOSIS UNICA,Trivirica_1d_Neumo_Meningo_12m,2050
13122,Peñalolén,VACUNA NEUMOCOCICA CONJUGADA REFUERZO,Trivirica_1d_Neumo_Meningo_12m,2066
13122,Peñalolén,VACUNA NEUMOCOCICA POLISACARIDA 23V ADULTOS,NEUMO_23V_65,2413
13122,Peñalolén,VACUNA SRP (TRIVIRICA) 1RA DOSIS,Trivirica_1d_Neumo_Meningo_12m,2123
13122,Peñalolén,VACUNA SRP (TRIVIRICA) 2DA DOSIS,Trivirica_2d_Varicela_2d_36m,1779
13122,Peñalolén,VACUNA VARICELA 1RA DOSIS,Varicela_1d_HepA_18m,2324
13122,Peñalolén,VACUNA VARICELA 2DA DOSIS,Trivirica_2d_Varicela_2d_36m,1948
13123,Providencia,VACUNA BCG,BCG_HepB_RN,1239
13123,Providencia,VACUNA HEPATITIS A PEDIATRICA,Varicela_1d_HepA_18m,1088
13123,Providencia,VACUNA HEPATITIS B RN,BCG_HepB_RN,1172
13123,Providencia,VACUNA HEXAVALENTE 3RA DOSIS,Hexavalente_3d_6m,1288
13123,Providencia,VACUNA MENINGOCOCICA DOSIS UNICA,Trivirica_1d_Neumo_Meningo_12m,1243
13123,Providencia,VACUNA NEUMOCOCICA CONJUGADA REFUERZO,Trivirica_1d_Neumo_Meningo_12m,1222
13123,Providencia,VACUNA NEUMOCOCICA POLISACARIDA 23V ADULTOS,NEUMO_23V_65,1952
13123,Providencia,VACUNA SRP (TRIVIRICA) 1RA DOSIS,Trivirica_1d_Neumo_Meningo_12m,1235
13123,Providencia,VACUNA SRP (TRIVIRICA) 2DA DOSIS,Trivirica_2d_Varicela_2d_36m,1055
13123,Providencia,VACUNA VARICELA 1RA DOSIS,Varicela_1d_HepA_18m,1427
13123,Providencia,VACUNA VARICELA 2DA DOSIS,Trivirica_2d_Varicela_2d_36m,1205
13124,Pudahuel,VACUNA BCG,BCG_HepB_RN,1672
13124,Pudahuel,VACUNA HEPATITIS A PEDIATRICA,Varicela_1d_HepA_18m,2094
13124,Pudahuel,VACUNA HEPATITIS B RN,BCG_HepB_RN,1530
13124,Pudahuel,VACUNA HEXAVALENTE 3RA DOSIS,Hexavalente_3d_6m,1886
13124,Pudahuel,VACUNA MENINGOCOCICA DOSIS UNICA,Trivirica_1d_Neumo_Meningo_12m,1961
13124,Pudahuel,VACUNA NEUMOCOCICA CONJUGADA REFUERZO,Trivirica_1d_Neumo_Meningo_12m,1910
13124,Pudahuel,VACUNA NEUMOCOCICA POLISACARIDA 23V ADULTOS,NEUMO_23V_65,2870
13124,Pudahuel,VACUNA SRP (TRIVIRICA) 1RA DOSIS,Trivirica_1d_Neumo_Meningo_12m,1934
13124,Pudahuel,VACUNA SRP (TRIVIRICA) 2DA DOSIS,Trivirica_2d_Varicela_2d_36m,1917
13124,Pudahuel,VACUNA VARICELA 1RA DOSIS,Varicela_1d_HepA_18m,2188
13124,Pudahuel,VACUNA VARICELA 2DA DOSIS,Trivirica_2d_Varicela_2d_36m,1924
13125,Quilicura,VACUNA BCG,BCG_HepB_RN,1663
13125,Quilicura,VACUNA HEPATITIS A PEDIATRICA,Varicela_1d_HepA_18m,2392
13125,Quilicura,VACUNA HEPATITIS B RN,BCG_HepB_RN,1654
13125,Quilicura,VACUNA HEXAVALENTE 3RA DOSIS,Hexavalente_3d_6m,1839
13125,Quilicura,VACUNA MENINGOCOCICA DOSIS UNICA,Trivirica_1d_Neumo_Meningo_12m,2188
13125,Quilicura,VACUNA NEUMOCOCICA CONJUGADA REFUERZO,Trivirica_1d_Neumo_Meningo_12m,2058
13125,Quilicura,VACUNA NEUMOCOCICA POLISACARIDA 23V ADULTOS,NEUMO_23V_65,2510
13125,Quilicura,VACUNA SRP (TRIVIRICA) 1RA DOSIS,Trivirica_1d_Neumo_Meningo_12m,2132
13125,Quilicura,VACUNA SRP (TRIVIRICA) 2DA DOSIS,Trivirica_2d_Varicela_2d_36m,2332
13125,Quilicura,VACUNA VARICELA 1RA DOSIS,Varicela_1d_HepA_18m,2462
13125,Quilicura,VACUNA VARICELA 2DA DOSIS,Trivirica_2d_Varicela_2d_36m,2170
13126,Quinta Normal,VACUNA BCG,BCG_HepB_RN,1098
13126,Quinta Normal,VACUNA HEPATITIS A PEDIATRICA,Varicela_1d_HepA_18m,1099
13126,Quinta Normal,VACUNA HEPATITIS B RN,BCG_HepB_RN,916
13126,Quinta Normal,VACUNA HEXAVALENTE 3RA DOSIS,Hexavalente_3d_6m,1046
13126,Quinta Normal,VACUNA MENINGOCOCICA DOSIS UNICA,Trivirica_1d_Neumo_Meningo_12m,1220
13126,Quinta Normal,VACUNA NEUMOCOCICA CONJUGADA REFUERZO,Trivirica_1d_Neumo_Meningo_12m,1077
13126,Quinta Normal,VACUNA NEUMOCOCICA POLISACARIDA 23V ADULTOS,NEUMO_23V_65,1317
13126,Quinta Normal,VACUNA SRP (TRIVIRICA) 1RA DOSIS,Trivirica_1d_Neumo_Meningo_12m,1119
13126,Quinta Normal,VACUNA SRP (TRIVIRICA) 2DA DOSIS,Trivirica_2d_Varicela_2d_36m,870
13126,Quinta Normal,VACUNA VARICELA 1RA DOSIS,Varicela_1d_HepA_18m,1129
13126,Quinta Normal,VACUNA VARICELA 2DA DOSIS,Trivirica_2d_Varicela_2d_36m,920
13127,Recoleta,VACUNA BCG,BCG_HepB_RN,1247
13127,Recoleta,VACUNA HEPATITIS A PEDIATRICA,Varicela_1d_HepA_18m,1536
13127,Recoleta,VACUNA HEPATITIS B RN,BCG_HepB_RN,1236
13127,Recoleta,VACUNA HEXAVALENTE 3RA DOSIS,Hexavalente_3d_6m,1352
13127,Recoleta,VACUNA MENINGOCOCICA DOSIS UNICA,Trivirica_1d_Neumo_Meningo_12m,1537
13127,Recoleta,VACUNA NEUMOCOCICA CONJUGADA REFUERZO,Trivirica_1d_Neumo_Meningo_12m,1350
13127,Recoleta,VACUNA NEUMOCOCICA POLISACARIDA 23V ADULTOS,NEUMO_23V_65,2043
13127,Recoleta,VACUNA SRP (TRIVIRICA) 1RA DOSIS,Trivirica_1d_Neumo_Meningo_12m,1617
13127,Recoleta,VACUNA SRP (TRIVIRICA) 2DA DOSIS,Trivirica_2d_Varicela_2d_36m,1987
13127,Recoleta,VACUNA VARICELA 1RA DOSIS,Varicela_1d_HepA_18m,1545
13127,Recoleta,VACUNA VARICELA 2DA DOSIS,Trivirica_2d_Varicela_2d_36m,1368
13128,Renca,VACUNA BCG,BCG_HepB_RN,1237
13128,Renca,VACUNA HEPATITIS A PEDIATRICA,Varicela_1d_HepA_18m,1517
13128,Renca,VACUNA HEPATITIS B RN,BCG_HepB_RN,1204
13128,Renca,VACUNA HEXAVALENTE 3RA DOSIS,Hexavalente_3d_6m,1304
13128,Renca,VACUNA MENINGOCOCICA DOSIS UNICA,Trivirica_1d_Neumo_Meningo_12m,1451
13128,Renca,VACUNA NEUMOCOCICA CONJUGADA REFUERZO,Trivirica_1d_Neumo_Meningo_12m,1387
13128,Renca,VACUNA NEUMOCOCICA POLISACARIDA 23V ADULTOS,NEUMO_23V_65,2017
13128,Renca,VACUNA SRP (TRIVIRICA) 1RA DOSIS,Trivirica_1d_Neumo_Meningo_12m,1537
13128,Renca,VACUNA SRP (TRIVIRICA) 2DA DOSIS,Trivirica_2d_Varicela_2d_36m,1546
13128,Renca,VACUNA VARICELA 1RA DOSIS,Varicela_1d_HepA_18m,1518
13128,Renca,VACUNA VARICELA 2DA DOSIS,Trivirica_2d_Varicela_2d_36m,1405
13129,San Joaquín,VACUNA BCG,BCG_HepB_RN,661
13129,San Joaquín,VACUNA HEPATITIS A PEDIATRICA,Varicela_1d_HepA_18m,864
13129,San Joaquín,VACUNA HEPATITIS B RN,BCG_HepB_RN,639
13129,San Joaquín,VACUNA HEXAVALENTE 3RA DOSIS,Hexavalente_3d_6m,745
13129,San Joaquín,VACUNA MENINGOCOCICA DOSIS UNICA,Trivirica_1d_Neumo_Meningo_12m,856
13129,San Joaquín,VACUNA NEUMOCOCICA CONJUGADA REFUERZO,Trivirica_1d_Neumo_Meningo_12m,770
13129,San Joaquín,VACUNA NEUMOCOCICA POLISACARIDA 23V ADULTOS,NEUMO_23V_65,1055
13129,San Joaquín,VACUNA SRP (TRIVIRICA) 1RA DOSIS,Trivirica_1d_Neumo_Meningo_12m,881
13129,San Joaquín,VACUNA SRP (TRIVIRICA) 2DA DOSIS,Trivirica_2d_Varicela_2d_36m,938
13129,San Joaquín,VACUNA VARICELA 1RA DOSIS,Varicela_1d_HepA_18m,846
13129,San Joaquín,VACUNA VARICELA 2DA DOSIS,Trivirica_2d_Varicela_2d_36m,790
13130,San Miguel,VACUNA BCG,BCG_HepB_RN,1379
13130,San Miguel,VACUNA HEPATITIS A PEDIATRICA,Varicela_1d_HepA_18m,1507
13130,San Miguel,VACUNA HEPATITIS B RN,BCG_HepB_RN,1371
13130,San Miguel,VACUNA HEXAVALENTE 3RA DOSIS,Hexavalente_3d_6m,1441
13130,San Miguel,VACUNA MENINGOCOCICA DOSIS UNICA,Trivirica_1d_Neumo_Meningo_12m,1604
13130,San Miguel,VACUNA NEUMOCOCICA CONJUGADA REFUERZO,Trivirica_1d_Neumo_Meningo_12m,1520
13130,San Miguel,VACUNA NEUMOCOCICA POLISACARIDA 23V ADULTOS,NEUMO_23V_65,1936
13130,San Miguel,VACUNA SRP (TRIVIRICA) 1RA DOSIS,Trivirica_1d_Neumo_Meningo_12m,1595
13130,San Miguel,VACUNA SRP (TRIVIRICA) 2DA DOSIS,Trivirica_2d_Varicela_2d_36m,1412
13130,San Miguel,VACUNA VARICELA 1RA DOSIS,Varicela_1d_HepA_18m,1580
13130,San Miguel,VACUNA VARICELA 2DA DOSIS,Trivirica_2d_Varicela_2d_36m,1209
13131,San Ramón,VACUNA BCG,BCG_HepB_RN,571
13131,San Ramón,VACUNA HEPATITIS A PEDIATRICA,Varicela_1d_HepA_18m,719
13131,San Ramón,VACUNA HEPATITIS B RN,BCG_HepB_RN,569
13131,San Ramón,VACUNA HEXAVALENTE 3RA DOSIS,Hexavalente_3d_6m,580
13131,San Ramón,VACUNA MENINGOCOCICA DOSIS UNICA,Trivirica_1d_Neumo_Meningo_12m,678
13131,San Ramón,VACUNA NEUMOCOCICA CONJUGADA REFUERZO,Trivirica_1d_Neumo_Meningo_12m,643
13131,San Ramón,VACUNA NEUMOCOCICA POLISACARIDA 23V ADULTOS,NEUMO_23V_65,985
13131,San Ramón,VACUNA SRP (TRIVIRICA) 1RA DOSIS,Trivirica_1d_Neumo_Meningo_12m,806
13131,San Ramón,VACUNA SRP (TRIVIRICA) 2DA DOSIS,Trivirica_2d_Varicela_2d_36m,972
13131,San Ramón,VACUNA VARICELA 1RA DOSIS,Varicela_1d_HepA_18m,695
13131,San Ramón,VACUNA VARICELA 2DA DOSIS,Trivirica_2d_Varicela_2d_36m,644
13132,Vitacura,VACUNA BCG,BCG_HepB_RN,1147
13132,Vitacura,VACUNA HEPATITIS A PEDIATRICA,Varicela_1d_HepA_18m,696
13132,Vitacura,VACUNA HEPATITIS B RN,BCG_HepB_RN,1231
13132,Vitacura,VACUNA HEXAVALENTE 3RA DOSIS,Hexavalente_3d_6m,983
13132,Vitacura,VACUNA MENINGOCOCICA DOSIS UNICA,Trivirica_1d_Neumo_Meningo_12m,928
13132,Vitacura,VACUNA NEUMOCOCICA CONJUGADA REFUERZO,Trivirica_1d_Neumo_Meningo_12m,908
13132,Vitacura,VACUNA NEUMOCOCICA POLISACARIDA 23V ADULTOS,NEUMO_23V_65,1514
13132,Vitacura,VACUNA SRP (TRIVIRICA) 1RA DOSIS,Trivirica_1d_Neumo_Meningo_12m,932
13132,Vitacura,VACUNA SRP (TRIVIRICA) 2DA DOSIS,Trivirica_2d_Varicela_2d_36m,876
13132,Vitacura,VACUNA VARICELA 1RA DOSIS,Varicela_1d_HepA_18m,1048
13132,Vitacura,VACUNA VARICELA 2DA DOSIS,Trivirica_2d_Varicela_2d_36m,1077
13201,Puente Alto,VACUNA BCG,BCG_HepB_RN,4201
13201,Puente Alto,VACUNA HEPATITIS A PEDIATRICA,Varicela_1d_HepA_18m,4427
13201,Puente Alto,VACUNA HEPATITIS B RN,BCG_HepB_RN,4062
13201,Puente Alto,VACUNA HEXAVALENTE 3RA DOSIS,Hexavalente_3d_6m,4083
13201,Puente Alto,VACUNA MENINGOCOCICA DOSIS UNICA,Trivirica_1d_Neumo_Meningo_12m,4301
13201,Puente Alto,VACUNA NEUMOCOCICA CONJUGADA REFUERZO,Trivirica_1d_Neumo_Meningo_12m,4174
13201,Puente Alto,VACUNA NEUMOCOCICA POLISACARIDA 23V ADULTOS,NEUMO_23V_65,4001
13201,Puente Alto,VACUNA SRP (TRIVIRICA) 1RA DOSIS,Trivirica_1d_Neumo_Meningo_12m,4251
13201,Puente Alto,VACUNA SRP (TRIVIRICA) 2DA DOSIS,Trivirica_2d_Varicela_2d_36m,4014
13201,Puente Alto,VACUNA VARICELA 1RA DOSIS,Varicela_1d_HepA_18m,4538
13201,Puente Alto,VACUNA VARICELA 2DA DOSIS,Trivirica_2d_Varicela_2d_36m,4094
13202,Pirque,VACUNA BCG,BCG_HepB_RN,204
13202,Pirque,VACUNA HEPATITIS A PEDIATRICA,Varicela_1d_HepA_18m,279
13202,Pirque,VACUNA HEPATITIS B RN,BCG_HepB_RN,211
13202,Pirque,VACUNA HEXAVALENTE 3RA DOSIS,Hexavalente_3d_6m,283
13202,Pirque,VACUNA MENINGOCOCICA DOSIS UNICA,Trivirica_1d_Neumo_Meningo_12m,262
13202,Pirque,VACUNA NEUMOCOCICA CONJUGADA REFUERZO,Trivirica_1d_Neumo_Meningo_12m,290
13202,Pirque,VACUNA NEUMOCOCICA POLISACARIDA 23V ADULTOS,NEUMO_23V_65,592
13202,Pirque,VACUNA SRP (TRIVIRICA) 1RA DOSIS,Trivirica_1d_Neumo_Meningo_12m,296
13202,Pirque,VACUNA SRP (TRIVIRICA) 2DA DOSIS,Trivirica_2d_Varicela_2d_36m,250
13202,Pirque,VACUNA VARICELA 1RA DOSIS,Varicela_1d_HepA_18m,302
13202,Pirque,VACUNA VARICELA 2DA DOSIS,Trivirica_2d_Varicela_2d_36m,234
13203,San José de Maipo,VACUNA BCG,BCG_HepB_RN,98
13203,San José de Maipo,VACUNA HEPATITIS A PEDIATRICA,Varicela_1d_HepA_18m,135
13203,San José de Maipo,VACUNA HEPATITIS B RN,BCG_HepB_RN,102
13203,San José de Maipo,VACUNA HEXAVALENTE 3RA DOSIS,Hexavalente_3d_6m,142
13203,San José de Maipo,VACUNA MENINGOCOCICA DOSIS UNICA,Trivirica_1d_Neumo_Meningo_12m,146
13203,San José de Maipo,VACUNA NEUMOCOCICA CONJUGADA REFUERZO,Trivirica_1d_Neumo_Meningo_12m,139
13203,San José de Maipo,VACUNA NEUMOCOCICA POLISACARIDA 23V ADULTOS,NEUMO_23V_65,171
13203,San José de Maipo,VACUNA SRP (TRIVIRICA) 1RA DOSIS,Trivirica_1d_Neumo_Meningo_12m,143
13203,San José de Maipo,VACUNA SRP (TRIVIRICA) 2DA DOSIS,Trivirica_2d_Varicela_2d_36m,184
13203,San José de Maipo,VACUNA VARICELA 1RA DOSIS,Varicela_1d_HepA_18m,132
13203,San José de Maipo,VACUNA VARICELA 2DA DOSIS,Trivirica_2d_Varicela_2d_36m,172
13301,Colina,VACUNA BCG,BCG_HepB_RN,1765
13301,Colina,VACUNA HEPATITIS A PEDIATRICA,Varicela_1d_HepA_18m,2268
13301,Colina,VACUNA HEPATITIS B RN,BCG_HepB_RN,1723
13301,Colina,VACUNA HEXAVALENTE 3RA DOSIS,Hexavalente_3d_6m,2068
13301,Colina,VACUNA MENINGOCOCICA DOSIS UNICA,Trivirica_1d_Neumo_Meningo_12m,2250
13301,Colina,VACUNA NEUMOCOCICA CONJUGADA REFUERZO,Trivirica_1d_Neumo_Meningo_12m,2243
13301,Colina,VACUNA NEUMOCOCICA POLISACARIDA 23V ADULTOS,NEUMO_23V_65,1316
13301,Colina,VACUNA SRP (TRIVIRICA) 1RA DOSIS,Trivirica_1d_Neumo_Meningo_12m,2276
13301,Colina,VACUNA SRP (TRIVIRICA) 2DA DOSIS,Trivirica_2d_Varicela_2d_36m,2347
13301,Colina,VACUNA VARICELA 1RA DOSIS,Varicela_1d_HepA_18m,2492
13301,Colina,VACUNA VARICELA 2DA DOSIS,Trivirica_2d_Varicela_2d_36m,2520
13302,Lampa,VACUNA BCG,BCG_HepB_RN,1405
13302,Lampa,VACUNA HEPATITIS A PEDIATRICA,Varicela_1d_HepA_18m,1476
13302,Lampa,VACUNA HEPATITIS B RN,BCG_HepB_RN,1385
13302,Lampa,VACUNA HEXAVALENTE 3RA DOSIS,Hexavalente_3d_6m,1351
13302,Lampa,VACUNA MENINGOCOCICA DOSIS UNICA,Trivirica_1d_Neumo_Meningo_12m,1511
13302,Lampa,VACUNA NEUMOCOCICA CONJUGADA REFUERZO,Trivirica_1d_Neumo_Meningo_12m,1469
13302,Lampa,VACUNA NEUMOCOCICA POLISACARIDA 23V ADULTOS,NEUMO_23V_65,1071
13302,Lampa,VACUNA SRP (TRIVIRICA) 1RA DOSIS,Trivirica_1d_Neumo_Meningo_12m,1715
13302,Lampa,VACUNA SRP (TRIVIRICA) 2DA DOSIS,Trivirica_2d_Varicela_2d_36m,2088
13302,Lampa,VACUNA VARICELA 1RA DOSIS,Varicela_1d_HepA_18m,1533
13302,Lampa,VACUNA VARICELA 2DA DOSIS,Trivirica_2d_Varicela_2d_36m,1380
13303,Tiltil,VACUNA BCG,BCG_HepB_RN,180
13303,Tiltil,VACUNA HEPATITIS A PEDIATRICA,Varicela_1d_HepA_18m,203
13303,Tiltil,VACUNA HEPATITIS B RN,BCG_HepB_RN,173
13303,Tiltil,VACUNA HEXAVALENTE 3RA DOSIS,Hexavalente_3d_6m,184
13303,Tiltil,VACUNA MENINGOCOCICA DOSIS UNICA,Trivirica_1d_Neumo_Meningo_12m,205
13303,Tiltil,VACUNA NEUMOCOCICA CONJUGADA REFUERZO,Trivirica_1d_Neumo_Meningo_12m,205
13303,Tiltil,VACUNA NEUMOCOCICA POLISACARIDA 23V ADULTOS,NEUMO_23V_65,440
13303,Tiltil,VACUNA SRP (TRIVIRICA) 1RA DOSIS,Trivirica_1d_Neumo_Meningo_12m,263
13303,Tiltil,VACUNA SRP (TRIVIRICA) 2DA DOSIS,Trivirica_2d_Varicela_2d_36m,386
13303,Tiltil,VACUNA VARICELA 1RA DOSIS,Varicela_1d_HepA_18m,228
13303,Tiltil,VACUNA VARICELA 2DA DOSIS,Trivirica_2d_Varicela_2d_36m,273
13401,San Bernardo,VACUNA BCG,BCG_HepB_RN,2661
13401,San Bernardo,VACUNA HEPATITIS A PEDIATRICA,Varicela_1d_HepA_18m,2922
13401,San Bernardo,VACUNA HEPATITIS B RN,BCG_HepB_RN,2565
13401,San Bernardo,VACUNA HEXAVALENTE 3RA DOSIS,Hexavalente_3d_6m,2584
13401,San Bernardo,VACUNA MENINGOCOCICA DOSIS UNICA,Trivirica_1d_Neumo_Meningo_12m,2880
13401,San Bernardo,VACUNA NEUMOCOCICA CONJUGADA REFUERZO,Trivirica_1d_Neumo_Meningo_12m,2812
13401,San Bernardo,VACUNA NEUMOCOCICA POLISACARIDA 23V ADULTOS,NEUMO_23V_65,2643
13401,San Bernardo,VACUNA SRP (TRIVIRICA) 1RA DOSIS,Trivirica_1d_Neumo_Meningo_12m,2909
13401,San Bernardo,VACUNA SRP (TRIVIRICA) 2DA DOSIS,Trivirica_2d_Varicela_2d_36m,2986
13401,San Bernardo,VACUNA VARICELA 1RA DOSIS,Varicela_1d_HepA_18m,2950
13401,San Bernardo,VACUNA VARICELA 2DA DOSIS,Trivirica_2d_Varicela_2d_36m,2497
13402,Buin,VACUNA BCG,BCG_HepB_RN,1299
13402,Buin,VACUNA HEPATITIS A PEDIATRICA,Varicela_1d_HepA_18m,1379
13402,Buin,VACUNA HEPATITIS B RN,BCG_HepB_RN,1281
13402,Buin,VACUNA HEXAVALENTE 3RA DOSIS,Hexavalente_3d_6m,1335
13402,Buin,VACUNA MENINGOCOCICA DOSIS UNICA,Trivirica_1d_Neumo_Meningo_12m,1312
13402,Buin,VACUNA NEUMOCOCICA CONJUGADA REFUERZO,Trivirica_1d_Neumo_Meningo_12m,1331
13402,Buin,VACUNA NEUMOCOCICA POLISACARIDA 23V ADULTOS,NEUMO_23V_65,1031
13402,Buin,VACUNA SRP (TRIVIRICA) 1RA DOSIS,Trivirica_1d_Neumo_Meningo_12m,1361
13402,Buin,VACUNA SRP (TRIVIRICA) 2DA DOSIS,Trivirica_2d_Varicela_2d_36m,1162
13402,Buin,VACUNA VARICELA 1RA DOSIS,Varicela_1d_HepA_18m,1474
13402,Buin,VACUNA VARICELA 2DA DOSIS,Trivirica_2d_Varicela_2d_36m,1235
13403,Calera De Tango,VACUNA BCG,BCG_HepB_RN,176
13403,Calera De Tango,VACUNA HEPATITIS A PEDIATRICA,Varicela_1d_HepA_18m,251
13403,Calera De Tango,VACUNA HEPATITIS B RN,BCG_HepB_RN,195
13403,Calera De Tango,VACUNA HEXAVALENTE 3RA DOSIS,Hexavalente_3d_6m,202
13403,Calera De Tango,VACUNA MENINGOCOCICA DOSIS UNICA,Trivirica_1d_Neumo_Meningo_12m,225
13403,Calera De Tango,VACUNA NEUMOCOCICA CONJUGADA REFUERZO,Trivirica_1d_Neumo_Meningo_12m,224
13403,Calera De Tango,VACUNA NEUMOCOCICA POLISACARIDA 23V ADULTOS,NEUMO_23V_65,389
13403,Calera De Tango,VACUNA SRP (TRIVIRICA) 1RA DOSIS,Trivirica_1d_Neumo_Meningo_12m,244
13403,Calera De Tango,VACUNA SRP (TRIVIRICA) 2DA DOSIS,Trivirica_2d_Varicela_2d_36m,285
13403,Calera De Tango,VACUNA VARICELA 1RA DOSIS,Varicela_1d_HepA_18m,267
13403,Calera De Tango,VACUNA VARICELA 2DA DOSIS,Trivirica_2d_Varicela_2d_36m,238
13404,Paine,VACUNA BCG,BCG_HepB_RN,660
13404,Paine,VACUNA HEPATITIS A PEDIATRICA,Varicela_1d_HepA_18m,928
13404,Paine,VACUNA HEPATITIS B RN,BCG_HepB_RN,633
13404,Paine,VACUNA HEXAVALENTE 3RA DOSIS,Hexavalente_3d_6m,766
13404,Paine,VACUNA MENINGOCOCICA DOSIS UNICA,Trivirica_1d_Neumo_Meningo_12m,912
13404,Paine,VACUNA NEUMOCOCICA CONJUGADA REFUERZO,Trivirica_1d_Neumo_Meningo_12m,828
13404,Paine,VACUNA NEUMOCOCICA POLISACARIDA 23V ADULTOS,NEUMO_23V_65,1099
13404,Paine,VACUNA SRP (TRIVIRICA) 1RA DOSIS,Trivirica_1d_Neumo_Meningo_12m,987
13404,Paine,VACUNA SRP (TRIVIRICA) 2DA DOSIS,Trivirica_2d_Varicela_2d_36m,969
13404,Paine,VACUNA VARICELA 1RA DOSIS,Varicela_1d_HepA_18m,914
13404,Paine,VACUNA VARICELA 2DA DOSIS,Trivirica_2d_Varicela_2d_36m,731
13501,Melipilla,VACUNA BCG,BCG_HepB_RN,1452
13501,Melipilla,VACUNA HEPATITIS A PEDIATRICA,Varicela_1d_HepA_18m,1632
13501,Melipilla,VACUNA HEPATITIS B RN,BCG_HepB_RN,1400
13501,Melipilla,VACUNA HEXAVALENTE 3RA DOSIS,Hexavalente_3d_6m,1451
13501,Melipilla,VACUNA MENINGOCOCICA DOSIS UNICA,Trivirica_1d_Neumo_Meningo_12m,1573
13501,Melipilla,VACUNA NEUMOCOCICA CONJUGADA REFUERZO,Trivirica_1d_Neumo_Meningo_12m,1509
13501,Melipilla,VACUNA NEUMOCOCICA POLISACARIDA 23V ADULTOS,NEUMO_23V_65,2119
13501,Melipilla,VACUNA SRP (TRIVIRICA) 1RA DOSIS,Trivirica_1d_Neumo_Meningo_12m,1539
13501,Melipilla,VACUNA SRP (TRIVIRICA) 2DA DOSIS,Trivirica_2d_Varicela_2d_36m,1358
13501,Melipilla,VACUNA VARICELA 1RA DOSIS,Varicela_1d_HepA_18m,1710
13501,Melipilla,VACUNA VARICELA 2DA DOSIS,Trivirica_2d_Varicela_2d_36m,1422
13502,Alhué,VACUNA BCG,BCG_HepB_RN,73
13502,Alhué,VACUNA HEPATITIS A PEDIATRICA,Varicela_1d_HepA_18m,128
13502,Alhué,VACUNA HEPATITIS B RN,BCG_HepB_RN,75
13502,Alhué,VACUNA HEXAVALENTE 3RA DOSIS,Hexavalente_3d_6m,105
13502,Alhué,VACUNA MENINGOCOCICA DOSIS UNICA,Trivirica_1d_Neumo_Meningo_12m,131
13502,Alhué,VACUNA NEUMOCOCICA CONJUGADA REFUERZO,Trivirica_1d_Neumo_Meningo_12m,121
13502,Alhué,VACUNA NEUMOCOCICA POLISACARIDA 23V ADULTOS,NEUMO_23V_65,109
13502,Alhué,VACUNA SRP (TRIVIRICA) 1RA DOSIS,Trivirica_1d_Neumo_Meningo_12m,124
13502,Alhué,VACUNA SRP (TRIVIRICA) 2DA DOSIS,Trivirica_2d_Varicela_2d_36m,120
13502,Alhué,VACUNA VARICELA 1RA DOSIS,Varicela_1d_HepA_18m,125
13502,Alhué,VACUNA VARICELA 2DA DOSIS,Trivirica_2d_Varicela_2d_36m,112
13503,Curacavi,VACUNA BCG,BCG_HepB_RN,276
13503,Curacavi,VACUNA HEPATITIS A PEDIATRICA,Varicela_1d_HepA_18m,341
13503,Curacavi,VACUNA HEPATITIS B RN,BCG_HepB_RN,257
13503,Curacavi,VACUNA HEXAVALENTE 3RA DOSIS,Hexavalente_3d_6m,312
13503,Curacavi,VACUNA MENINGOCOCICA DOSIS UNICA,Trivirica_1d_Neumo_Meningo_12m,330
13503,Curacavi,VACUNA NEUMOCOCICA CONJUGADA REFUERZO,Trivirica_1d_Neumo_Meningo_12m,332
13503,Curacavi,VACUNA NEUMOCOCICA POLISACARIDA 23V ADULTOS,NEUMO_23V_65,510
13503,Curacavi,VACUNA SRP (TRIVIRICA) 1RA DOSIS,Trivirica_1d_Neumo_Meningo_12m,330
13503,Curacavi,VACUNA SRP (TRIVIRICA) 2DA DOSIS,Trivirica_2d_Varicela_2d_36m,292
13503,Curacavi,VACUNA VARICELA 1RA DOSIS,Varicela_1d_HepA_18m,374
13503,Curacavi,VACUNA VARICELA 2DA DOSIS,Trivirica_2d_Varicela_2d_36m,288
13504,María Pinto,VACUNA BCG,BCG_HepB_RN,119
13504,María Pinto,VACUNA HEPATITIS A PEDIATRICA,Varicela_1d_HepA_18m,224
13504,María Pinto,VACUNA HEPATITIS B RN,BCG_HepB_RN,119
13504,María Pinto,VACUNA HEXAVALENTE 3RA DOSIS,Hexavalente_3d_6m,143
13504,María Pinto,VACUNA MENINGOCOCICA DOSIS UNICA,Trivirica_1d_Neumo_Meningo_12m,180
13504,María Pinto,VACUNA NEUMOCOCICA CONJUGADA REFUERZO,Trivirica_1d_Neumo_Meningo_12m,176
13504,María Pinto,VACUNA NEUMOCOCICA POLISACARIDA 23V ADULTOS,NEUMO_23V_65,224
13504,María Pinto,VACUNA SRP (TRIVIRICA) 1RA DOSIS,Trivirica_1d_Neumo_Meningo_12m,180
13504,María Pinto,VACUNA SRP (TRIVIRICA) 2DA DOSIS,Trivirica_2d_Varicela_2d_36m,136
13504,María Pinto,VACUNA VARICELA 1RA DOSIS,Varicela_1d_HepA_18m,204
13504,María Pinto,VACUNA VARICELA 2DA DOSIS,Trivirica_2d_Varicela_2d_36m,151
13505,San Pedro,VACUNA BCG,BCG_HepB_RN,138
13505,San Pedro,VACUNA HEPATITIS A PEDIATRICA,Varicela_1d_HepA_18m,176
13505,San Pedro,VACUNA HEPATITIS B RN,BCG_HepB_RN,167
13505,San Pedro,VACUNA HEXAVALENTE 3RA DOSIS,Hexavalente_3d_6m,158
13505,San Pedro,VACUNA MENINGOCOCICA DOSIS UNICA,Trivirica_1d_Neumo_Meningo_12m,171
13505,San Pedro,VACUNA NEUMOCOCICA CONJUGADA REFUERZO,Trivirica_1d_Neumo_Meningo_12m,175
13505,San Pedro,VACUNA NEUMOCOCICA POLISACARIDA 23V ADULTOS,NEUMO_23V_65,437
13505,San Pedro,VACUNA SRP (TRIVIRICA) 1RA DOSIS,Trivirica_1d_Neumo_Meningo_12m,175
13505,San Pedro,VACUNA SRP (TRIVIRICA) 2DA DOSIS,Trivirica_2d_Varicela_2d_36m,103
13505,San Pedro,VACUNA VARICELA 1RA DOSIS,Varicela_1d_HepA_18m,186
13505,San Pedro,VACUNA VARICELA 2DA DOSIS,Trivirica_2d_Varicela_2d_36m,116
13601,Talagante,VACUNA BCG,BCG_HepB_RN,654
13601,Talagante,VACUNA HEPATITIS A PEDIATRICA,Varicela_1d_HepA_18m,759
13601,Talagante,VACUNA HEPATITIS B RN,BCG_HepB_RN,634
13601,Talagante,VACUNA HEXAVALENTE 3RA DOSIS,Hexavalente_3d_6m,735
13601,Talagante,VACUNA MENINGOCOCICA DOSIS UNICA,Trivirica_1d_Neumo_Meningo_12m,739
13601,Talagante,VACUNA NEUMOCOCICA CONJUGADA REFUERZO,Trivirica_1d_Neumo_Meningo_12m,720
13601,Talagante,VACUNA NEUMOCOCICA POLISACARIDA 23V ADULTOS,NEUMO_23V_65,876
13601,Talagante,VACUNA SRP (TRIVIRICA) 1RA DOSIS,Trivirica_1d_Neumo_Meningo_12m,735
13601,Talagante,VACUNA SRP (TRIVIRICA) 2DA DOSIS,Trivirica_2d_Varicela_2d_36m,699
13601,Talagante,VACUNA VARICELA 1RA DOSIS,Varicela_1d_HepA_18m,814
13601,Talagante,VACUNA VARICELA 2DA DOSIS,Trivirica_2d_Varicela_2d_36m,790
13602,El Monte,VACUNA BCG,BCG_HepB_RN,321
13602,El Monte,VACUNA HEPATITIS A PEDIATRICA,Varicela_1d_HepA_18m,332
13602,El Monte,VACUNA HEPATITIS B RN,BCG_HepB_RN,319
13602,El Monte,VACUNA HEXAVALENTE 3RA DOSIS,Hexavalente_3d_6m,308
13602,El Monte,VACUNA MENINGOCOCICA DOSIS UNICA,Trivirica_1d_Neumo_Meningo_12m,257
13602,El Monte,VACUNA NEUMOCOCICA CONJUGADA REFUERZO,Trivirica_1d_Neumo_Meningo_12m,311
13602,El Monte,VACUNA NEUMOCOCICA POLISACARIDA 23V ADULTOS,NEUMO_23V_65,412
13602,El Monte,VACUNA SRP (TRIVIRICA) 1RA DOSIS,Trivirica_1d_Neumo_Meningo_12m,315
13602,El Monte,VACUNA SRP (TRIVIRICA) 2DA DOSIS,Trivirica_2d_Varicela_2d_36m,295
13602,El Monte,VACUNA VARICELA 1RA DOSIS,Varicela_1d_HepA_18m,386
13602,El Monte,VACUNA VARICELA 2DA DOSIS,Trivirica_2d_Varicela_2d_36m,325
13603,Isla De Maipo,VACUNA BCG,BCG_HepB_RN,321
13603,Isla De Maipo,VACUNA HEPATITIS A PEDIATRICA,Varicela_1d_HepA_18m,429
13603,Isla De Maipo,VACUNA HEPATITIS B RN,BCG_HepB_RN,312
13603,Isla De Maipo,VACUNA HEXAVALENTE 3RA DOSIS,Hexavalente_3d_6m,358
13603,Isla De Maipo,VACUNA MENINGOCOCICA DOSIS UNICA,Trivirica_1d_Neumo_Meningo_12m,403
13603,Isla De Maipo,VACUNA NEUMOCOCICA CONJUGADA REFUERZO,Trivirica_1d_Neumo_Meningo_12m,392
13603,Isla De Maipo,VACUNA NEUMOCOCICA POLISACARIDA 23V ADULTOS,NEUMO_23V_65,547
13603,Isla De Maipo,VACUNA SRP (TRIVIRICA) 1RA DOSIS,Trivirica_1d_Neumo_Meningo_12m,403
13603,Isla De Maipo,VACUNA SRP (TRIVIRICA) 2DA DOSIS,Trivirica_2d_Varicela_2d_36m,366
13603,Isla De Maipo,VACUNA VARICELA 1RA DOSIS,Varicela_1d_HepA_18m,449
13603,Isla De Maipo,VACUNA VARICELA 2DA DOSIS,Trivirica_2d_Varicela_2d_36m,400
13604,Padre Hurtado,VACUNA BCG,BCG_HepB_RN,704
13604,Padre Hurtado,VACUNA HEPATITIS A PEDIATRICA,Varicela_1d_HepA_18m,858
13604,Padre Hurtado,VACUNA HEPATITIS B RN,BCG_HepB_RN,685
13604,Padre Hurtado,VACUNA HEXAVALENTE 3RA DOSIS,Hexavalente_3d_6m,799
13604,Padre Hurtado,VACUNA MENINGOCOCICA DOSIS UNICA,Trivirica_1d_Neumo_Meningo_12m,859
13604,Padre Hurtado,VACUNA NEUMOCOCICA CONJUGADA REFUERZO,Trivirica_1d_Neumo_Meningo_12m,840
13604,Padre Hurtado,VACUNA NEUMOCOCICA POLISACARIDA 23V ADULTOS,NEUMO_23V_65,955
13604,Padre Hurtado,VACUNA SRP (TRIVIRICA) 1RA DOSIS,Trivirica_1d_Neumo_Meningo_12m,849
13604,Padre Hurtado,VACUNA SRP (TRIVIRICA) 2DA DOSIS,Trivirica_2d_Varicela_2d_36m,778
13604,Padre Hurtado,VACUNA VARICELA 1RA DOSIS,Varicela_1d_HepA_18m,903
13604,Padre Hurtado,VACUNA VARICELA 2DA DOSIS,Trivirica_2d_Varicela_2d_36m,853
13605,Peñaflor,VACUNA BCG,BCG_HepB_RN,656
13605,Peñaflor,VACUNA HEPATITIS A PEDIATRICA,Varicela_1d_HepA_18m,877
13605,Peñaflor,VACUNA HEPATITIS B RN,BCG_HepB_RN,631
13605,Peñaflor,VACUNA HEXAVALENTE 3RA DOSIS,Hexavalente_3d_6m,749
13605,Peñaflor,VACUNA MENINGOCOCICA DOSIS UNICA,Trivirica_1d_Neumo_Meningo_12m,837
13605,Peñaflor,VACUNA NEUMOCOCICA CONJUGADA REFUERZO,Trivirica_1d_Neumo_Meningo_12m,829
13605,Peñaflor,VACUNA NEUMOCOCICA POLISACARIDA 23V ADULTOS,NEUMO_23V_65,1321
13605,Peñaflor,VACUNA SRP (TRIVIRICA) 1RA DOSIS,Trivirica_1d_Neumo_Meningo_12m,835
13605,Peñaflor,VACUNA SRP (TRIVIRICA) 2DA DOSIS,Trivirica_2d_Varicela_2d_36m,1012
13605,Peñaflor,VACUNA VARICELA 1RA DOSIS,Varicela_1d_HepA_18m,966
13605,Peñaflor,VACUNA VARICELA 2DA DOSIS,Trivirica_2d_Varicela_2d_36m,941
